-40.468093958609856,-3.796302999200389,-4.416557790994515,-1.6494046569839877,-0.11038412794622353,0.03128652056937862,2.359119792963135e-05,-0.01854386007190103,0.005255946077345585,3.9631764886189395e-06,-0.003737290078572112,0.001059272413894761,7.987300246995572e-07,0.004841953610953868,-1.0958980155080356e-06,0.009258487138902316,5.01960818554056e-06,-0.005658497764946535,-8.783547724993552e-05,-0.4756057334426744,-1.5722262776384663,-1.2555136533167368,0.9498952145622889,-0.47260745016000255,-0.00028382325232827015,2.8263908225397203,-1.4059453891510068,-0.0008443185721707659,1.17065057291256,-0.5823119538968538,-0.0003496903817835472,0.885045489670408,-0.0002644784939603844,0.6406516104465039,0.000531538746222422,-0.669163018022151,-0.7487271018887548,-2.199583011681786,-0.7552847287432669,-2.2046900435043972,-0.0008518065722521305,-0.3433602444841843,-4.5877516905175805e-15,-0.00029935446630994085,-0.13581183300066013,-0.6570824753538177,0.0011833990041936835,0.00010213257207561957,-8.560171946460452e-08,0.4984947617086574,0.04257841491632699,-3.6233209225590355e-05,1.2521450821628184,0.1068291039452626,-9.106889006255394e-05,-2.279733440653152e-05,1.6292035093451102e-09,7.58997122582999e-05,1.8766009902705866e-08,-0.00012943608435072733,-6.959005608879415e-06,-0.08918208432947092,0.0,-4.719797844224685e-15,-5.660018735727646e-05,-0.06349680039974955,3.0889565140780746e-14,-2.138606651675232e-15,1.62625043692293e-19,0.0003740998829316189,-2.7866353986945256e-05,4.830330670995526e-10,0.24338345243492576,-0.018190664352738643,2.6017935342987264e-07,8.192630473628816e-12,1.9513551243914274e-17,3.328195171461261e-11,-4.1756647625689227e-16,-5.7044808122120765e-11
-3.7963029992003845,-12.032951113126707,-9.247219882292859,-4.404406026536262,-0.7997426381544299,0.2270338000205633,0.0001704661822842744,-0.5845272567999724,0.16558324835748808,0.00012266536716791705,-0.17490356757066677,0.049162105785606446,3.616317011894007e-05,0.15806290375705062,-3.634624738965282e-05,0.2932590887714168,0.00016002989417516724,-0.18370054484411558,-0.49628488571536705,-2.7299077594277454,-4.386541928747993,-3.4840555911704083,3.352346397730492,-1.7198422406410283,-0.0010318717278057605,5.898419476123909,-3.005218696361173,-0.0017978585593287012,2.898353550446646,-1.4721824027355355,-0.0008796195798764415,2.3242703263433615,-0.0007171567739424502,1.6706067848513217,0.0013979376154764614,-1.6803686037564305,-2.8942828284265234,-5.226629530221499,-2.8182856147686812,-5.1571344848739775,-0.10037064896047979,-1.3215980649698833,-0.0003160152303000815,-0.05065706393317274,-0.6652646331853472,-1.9316063369812146,0.11277135479580785,0.014127976736370325,-6.58199782918534e-06,1.882081363691452,0.199697398782498,-0.000122129728926168,3.363858004498968,0.3223694019388666,-0.00023105710759203793,-0.020394340769980927,6.423364602743856e-07,0.04784245963223319,9.395597352268614e-06,-0.07876936141068953,-0.006731115207593733,-0.44193454318565456,-9.515840396966778e-10,-2.238551990977729e-06,-0.0040743133530244955,-0.2703133494123433,6.702664708589763e-06,-7.166233081214288e-07,1.402389312672148e-10,0.018813590489013668,-0.0010563142768707813,3.38777529560222e-07,0.8971853923354547,-0.05997552276225898,7.41419540804186e-06,1.582553312027073e-05,4.5992014855649817e-10,5.151035880328137e-05,-3.2498812910790556e-09,-8.698161574110425e-05
-4.416557790994515,-9.247219882292859,-10.063683102014082,-6.556024450817792,-0.8072602369550541,0.2287001717632013,0.0001698842398610526,-1.2841960264639003,0.3359269640974751,0.00024379791502972663,-0.652861586642524,0.14894502531814843,0.0001090750919706757,0.1873400897012675,-4.421421554097929e-05,0.3302417110677274,0.00018199352625040163,-0.217109410471366,-1.6490601883610696,-4.61686589245738,-6.474670823629362,-5.515653992936007,2.800626151289159,-1.5882212293128997,-0.000958978904746114,5.526053312029283,-3.0705637561361523,-0.001829724623140136,3.668405220009524,-2.000536227783817,-0.0011865449271338264,1.0409297361346328,-0.00035533279913243024,0.8201144802995453,0.0006436408233529047,-0.7243847982820721,-3.520531300193894,-6.485575461694064,-3.3746212030740317,-6.2826836494249845,-0.7906252420028871,-2.752133402159865,-0.1446162500416731,-0.6934161236602603,-1.8692225768250612,-3.377511995865818,0.813967268622267,0.11506450507424398,-4.8993139646470064e-05,3.4592748527774417,0.4742345600578397,-0.0001968952934184435,4.942321601090256,0.5621582537938374,-0.0003168949670134785,-0.13791682054953106,2.85859869751185e-06,0.27969569873649797,4.679995740717944e-05,-0.43701640502915495,-0.23341108758530343,-1.2962063026045787,-0.0025179273165267207,-0.014037084463744385,-0.11226450378922076,-0.786896916168918,0.01908039014687343,-0.002101466990765889,4.0326280733393437e-07,0.29770818032635593,-0.026376442915276067,7.938393158021112e-06,2.011028622618387,-0.1273144532656571,3.7596869203069536e-05,0.010609827150072991,6.84893288123644e-07,0.024439644575676395,-2.6841244525739284e-06,-0.03997480889759781
-1.6494046569839877,-4.404406026536262,-6.556024450817793,-7.128266520905209,-0.45378635887201313,0.12767589211608216,9.418925487219109e-05,-1.2813274695001375,0.29232437057142413,0.00021407433740899066,-1.381730679129266,0.2104859572053062,0.00016473205254303365,0.10917439313380385,-2.6108841990141737e-05,0.18738872712470833,0.00010369305723403179,-0.12688893536705148,-1.3206318054595143,-3.8149517167083733,-5.927190255495278,-6.710790496413171,0.6640703885313144,-0.5688583263522413,-0.000350811071966175,1.7867200246040482,-1.5435465293633692,-0.0009041309866142117,2.2698709243135173,-1.732204086510156,-0.0010060310289418542,0.1346740989690187,-6.755661170869858e-05,0.24317265490089168,0.00010570815919654122,-0.16221168883416714,-2.234995701260673,-5.000626392541049,-2.1214675398780827,-4.741707434364377,-1.498925342652698,-3.7220187033630623,-0.7034923030153987,-2.148247203684942,-3.6489772253986725,-5.06146014185957,0.7865747747253837,0.20011270073539034,-6.392260029841005e-05,2.7525389131883404,0.5834836097964451,-0.0001736154668924236,4.5170051838527385,0.6834075406953763,-0.00029747410409079105,-0.06961609414937703,5.3632232553440385e-06,0.19413385037635456,-1.518635109137949e-05,-0.21416926877777742,-1.05384232006547,-2.783647670970168,-0.23092299773936117,-0.5812956237943627,-1.1999421068168528,-2.3332217491082075,0.2699034421794629,-0.033844978940882245,8.819634748666707e-06,1.2583598971606649,-0.15160172296347937,5.020532155343742e-05,3.197123108627663,-0.2572766130537711,9.840845256177341e-05,0.07301071241347012,7.806644323176144e-06,0.12062022747343382,-2.6248604374976145e-05,-0.18387227563019642
-0.11038412794622358,-0.79974263815443,-0.8072602369550541,-0.45378635887201296,-12.796953105358032,0.11025528806958686,0.00011019907535155423,-6.197134678853599,0.11625182571988843,0.0001079986054350537,-1.7215904975735399,0.038673643213280505,3.486631232025883e-05,0.3662028792272313,-5.772090097108978e-05,0.4306381534871615,0.00019434520065810361,-0.7092397115662079,-0.992692325656572,-3.460134743536659,-3.0267422324028157,-0.9987970506953605,3.3235184116199123,-2.4452578020945936,-0.0014653013560376865,1.3652300214897888,-2.050705639137582,-0.0012178016753973708,-0.5112989736770673,-0.39213522521403443,-0.0002269162005063573,2.987044000417445,-0.0012391589733995823,1.7238882366393076,0.0017950569225109398,-0.8920856798312577,0.19480194775779,-0.19257008715831658,3.0599058565467145,1.866504264939758,-0.1405874320759686,-0.9503069374286954,-0.001250553729561574,-0.11360774006958088,-0.816970152221118,-0.9089623965701545,0.2354715112069704,0.03173785249402932,-1.5031113454021382e-05,1.9607109818846362,0.26405945939883474,-0.0001453348731052273,0.8527988882478387,0.17414789271572262,-9.446713403480123e-05,-0.049119819685389594,1.80925121325406e-06,0.10874192998158017,2.326137131870677e-05,-0.17823653176613422,-0.015275733594749596,-0.4853555664672231,-5.736335228247629e-09,-9.401105589876722e-06,-0.008918376266569005,-0.2825042396553397,2.731941221060429e-05,-3.042354942845322e-06,5.910801084437883e-10,0.038997295024589984,-0.0023614117529182923,7.492761853662992e-07,0.8172045625094256,-0.05851806994912561,1.1000820573733324e-05,6.080731497496515e-05,1.9467921141266673e-09,0.00018499785819913443,-1.2134198786015868e-08,-0.0003114171202368086
0.03128652056937861,0.2270338000205633,0.2287001717632012,0.12767589211608213,0.11025528806958686,-12.540895218135171,-2.5564812500853498e-05,0.11625182571988843,-5.9241674307303365,-2.8137342899305137e-05,0.038673643213280505,-1.6285762602821254,-9.501407261909144e-06,-0.6279967324775817,0.00014435139502029976,-0.12908247248640264,-5.772090097108978e-05,-0.017538947113558245,0.4917817357693925,1.6695966285834989,1.4061769993781166,0.41411321585295324,-2.3189239409740594,-0.25546820009390764,0.0007110929213196801,-1.8701270228634024,-1.6746625473211114,0.0005702148809169407,-0.3148213467548236,-1.1012727097350643,9.668895144072035e-05,0.06284721678771926,-2.255324599285419e-05,-0.815988473806561,-0.0011847851369783762,2.47820392935638,-3.749805015526442,-2.551069952998559,1.9455410866017677,1.471260280575477,0.16019905221992797,1.0198825388469293,-0.00010442452273435571,-0.005074109228270441,-0.019994479397272284,0.01623119724679018,0.011492003975327651,-0.02070172767218533,-1.5321484451659795e-06,0.07815927409562835,-0.383383216878664,-1.2477129193304124e-05,-0.005120682995839898,-0.7091807453304397,-4.834900267161131e-06,0.02854781467532212,-1.4410764970531124e-06,0.004451538666971346,2.488104861618698e-06,-0.014976684951299432,-0.008174777769918883,-0.22870560080276117,4.2787179330246214e-10,5.458140422204784e-07,0.0009982955345707333,0.03384573682293,-1.667432855600553e-06,-6.735364855891153e-07,-5.153341751285071e-12,-0.004651931417097088,-0.0021124902317881927,-1.9745606704804723e-07,-0.10774408722915388,-0.11697342696805439,-3.3602447989381196e-06,1.8184141001180723e-05,3.180051139284079e-10,-1.2229208037121007e-05,5.584899053666131e-10,2.4532273250201866e-05
2.3591197929631342e-05,0.00017046618228427438,0.00016988423986105254,9.418925487219106e-05,0.00011019907535155423,-2.5564812500853498e-05,-12.320203242491383,0.0001079986054350537,-2.8137342899305137e-05,-5.723130230823051,3.486631232025883e-05,-9.501407261909144e-06,-1.5659130389798173,-5.772090097108978e-05,0.16016442562772848,0.00010848941380046178,-0.5913492825263814,2.499690281890193e-05,0.0002953493497207248,0.0010050162736556696,0.0008552674024123161,0.00026138942343200414,-0.0013932325399447054,0.0007129929050749548,-1.426599598644607,-0.001128773145818397,0.000579879771827191,-2.579718947013271,-0.00019234235480519312,0.00010258759089097763,-1.2298180795280764,-0.001183675918363996,-1.0336361043873967,-0.0015667969211927057,2.0190131573934558,0.0008621452674994166,0.00028218486789864753,0.0002637413642156174,-0.0006645984938604046,-0.00040878333676541386,1.0542337686173126e-08,1.3031611318509504e-05,9.137455146582412e-08,9.93028379475617e-06,7.82579526194671e-05,0.00010228855202491858,-2.2319625057511915e-05,-3.6267605612979414e-06,-0.019758043584771397,-0.00021577580526191872,-3.200856203299661e-05,-0.36564431040518397,-0.00016362214463345166,-2.3773697383996614e-05,-0.6762374042829044,5.53874480293708e-06,0.003106165302176775,-1.2821402726292835e-05,0.02821293628200531,1.7097235983814896e-05,1.4129509556250958e-06,5.119556233526257e-05,-3.63474165803103e-15,9.177979847969414e-11,2.932425617010849e-07,1.1422116093243581e-05,-2.7243979408562277e-10,5.840354719365782e-11,-7.681311480732904e-07,-1.3396622298935886e-06,-3.894066068466711e-08,-0.002162689116906373,-3.4303754065882876e-05,7.723078419472911e-08,-0.11820139727093132,-9.186733412484319e-10,-1.71247892309205e-06,-1.959953324125292e-09,2.0449138283062823e-05,3.6184201438038167e-09
-0.01854386007190103,-0.5845272567999724,-1.2841960264639003,-1.2813274695001375,-6.197134678853599,0.11625182571988843,0.0001079986054350537,-9.156247861290716,0.2771652325538745,0.00023846924989193359,-4.86416590252412,0.1351367297864899,0.00012104479695922228,0.3478773507460654,-6.370370468194142e-05,0.3791751575398988,0.00018042740428825466,-0.6056157908617786,-2.970782564849564,-6.499920932776941,-6.427677004173585,-2.983432971804257,1.0015266455494107,-2.2347768268404904,-0.0013411335151643576,-0.627284391828985,-2.8190120477584824,-0.001644631794213851,-2.045690472445391,-0.9899783913094229,-0.0005569778698089103,0.4142426734391526,-0.0004817893122650681,0.1874921431013643,0.00028280952592577095,0.6678518331883616,0.23245078354149726,-0.35234924400233736,3.5306602617835092,3.1086439080348933,-1.3138480057771098,-2.979901314723663,-0.5312423343253403,-1.9927055020881144,-3.585113091359008,-3.0285945199603237,1.9602583094903816,0.32006905174468026,-0.0001503005748538205,4.764204292919933,0.8840902365926573,-0.0003609091797548212,1.9170870748526445,0.5533554049811323,-0.00023475300729147757,-0.34033849124833243,1.263139797303127e-05,0.602082640562825,0.00012227864492758665,-0.9091622227589158,-0.6717515831332985,-2.292590663873674,-0.013638785455191187,-0.06596626111040528,-0.38093251854312576,-1.477967754932561,0.08365797862720435,-0.009619779172062451,1.756056532036592e-06,0.9017748372115986,-0.09380987494423035,2.514049628269296e-05,3.058904103002572,-0.24537368895883355,7.672416128770657e-05,0.04328848988765539,2.793489342516966e-06,0.09410976207033855,-1.0680831996929016e-05,-0.1532259030321318
0.005255946077345585,0.16558324835748808,0.3359269640974751,0.29232437057142413,0.11625182571988843,-5.9241674307303365,-2.8137342899305137e-05,0.2771652325538745,-8.351112699285364,-6.926587578250105e-05,0.1351367297864899,-4.319354449121712,-3.3274657278124445e-05,-0.5148012060552878,0.00011859614016245623,-0.11618691497579688,-6.370370468194142e-05,0.024584543782773832,1.4715894563653928,3.0877956744433517,2.8692376359708054,1.133690749632035,-1.8718232173844336,-1.7356094818591128,0.0006435938642320815,-2.2195944079078496,-4.0118624871546045,0.0007399466235803074,-0.6618887972648897,-3.1933711977602224,0.00021738395051159508,0.9006444784748362,-0.000329688456997049,-0.006003231363857164,-0.0004162332699079714,1.3439881154346336,-4.4099683022274245,-4.326780194089754,2.233351016772051,2.4068269113085057,1.552092323538591,3.0943024518420637,-0.044643292287257344,-0.13254108130616774,-0.12350783198976324,0.023245030318092497,0.14672625449543203,-0.3898026483663849,-1.459059427696221e-05,0.2030921531663811,-1.588859800167432,-4.151707977632132e-05,0.015256998676673957,-2.2285457763894154,-2.0773232116919736e-05,0.41647194948407235,-2.5150890228184617e-05,0.018122448277294534,1.6824178642163017e-05,-0.1364424304737519,-0.35617342064720287,-1.0484510290670568,0.0010207404552642497,0.0045309846246205775,0.025340838542244604,0.143868264305574,-0.005934555413201561,-0.0055474103460110055,-4.818652278474138e-08,-0.07151012912012025,-0.0872076829373529,-1.6333068839458524e-06,-0.37392488627946485,-0.5888174281654827,-1.5202569664576576e-05,0.022433212822043882,4.4995526759716153e-07,-0.0047835371169573275,1.3821321511680532e-07,0.012952763354897296
3.9631764886189395e-06,0.00012266536716791705,0.00024379791502972663,0.00021407433740899066,0.0001079986054350537,-2.8137342899305137e-05,-5.723130230823051,0.00023846924989193359,-6.926587578250105e-05,-7.957140884791715,0.00012104479695922228,-3.3274657278124445e-05,-4.125750947105437,-6.370370468194142e-05,0.1220511670505261,6.978677907380087e-05,-0.4636663590900285,3.091563206289922e-05,0.0008836842463405681,0.001852469109698157,0.0017384901339645743,0.0007109452550409232,-0.0011140733781865803,0.0006391102686607116,-2.7388280600688595,-0.0013119678210057886,0.0007535735779041828,-5.090776471673953,-0.00038801477411825095,0.0002313617545697674,-3.4428703944849515,-0.0003994234866852417,-0.8942601571699291,-0.0009332990017680848,1.5630292886638946,0.00027429512654086386,0.0003281154455551961,0.00042700017094814515,-0.0007678311845031305,-0.0006924343815503649,-2.763699153900794e-05,3.953703178490111e-05,3.8687389400882765e-05,0.00015420105856300131,0.00031672150898820776,0.0003061095600441819,-0.00018932245721645986,-3.0540426603069435e-05,-0.38778044379185456,-0.000569410222994506,-0.00010886174820558503,-1.496978916954232,-0.00039852608377015033,-7.390353900541243e-05,-2.106202813084605,3.9754608871211166e-05,0.05258210616023911,-0.000102241991289064,0.41550220198858756,0.00010606767955271499,6.018777689204863e-05,0.00022240159205036327,-1.0600293822683858e-08,1.8182136632894363e-07,5.7522816321950745e-06,4.946030916936805e-05,-3.6875063590750077e-07,1.0794751973710251e-07,-0.0060038030331426,-1.704998455895305e-05,1.5100755343207107e-06,-0.0874412613591446,-0.00012029409435180038,-3.264044448555918e-07,-0.5758011493862971,-9.167478493683766e-07,-0.0023268227793697195,-5.707046354490997e-07,0.023643124981482803,1.4746456627664467e-06
-0.003737290078572112,-0.17490356757066677,-0.652861586642524,-1.3817306791292658,-1.7215904975735399,0.038673643213280505,3.486631232025883e-05,-4.86416590252412,0.1351367297864899,0.00012104479695922228,-6.4706475313455645,0.10306639120869604,0.00011174000677068937,0.10644283006656874,-2.013385536252462e-05,0.11581205785970344,5.560344408190557e-05,-0.182830956271872,-1.2345205990836396,-3.3394181222500694,-4.66528227670788,-4.04290567243286,-0.9365196488816314,-0.48677036264259493,-0.00029200578076422613,-3.041609216554926,-1.192618089054923,-0.0006594152783064505,-4.43927422947476,-1.0481166331484069,-0.0005721991522168925,-0.15171835237400771,-4.582836578144458e-05,0.07467655072972379,-6.122542858991196e-05,0.0973469450359481,0.08782204382101783,-0.19649812198325112,1.321827760518637,1.9667450216233089,-1.465397424198354,-3.161750588280068,-1.3423281163165248,-3.8266055238288565,-5.604241017216771,-5.201938101862187,0.5494538038355161,0.35194939576560924,-0.00012714760601691068,1.407377979879338,0.8410047032614567,-0.00029171722342659026,0.23304607439053465,0.6982210002758525,-0.00029251653239099684,-0.014902823870775182,1.763500317831792e-05,0.19849463414872526,-5.254622967084551e-05,-0.1292325862279835,-1.796426943870906,-3.999061034082202,-0.6435516517174216,-1.5505157983596818,-2.8493617075106066,-4.224112823731375,0.5626488077382187,-0.08680951140926604,2.1910446869326192e-05,2.2347201514625388,-0.3433179036126043,0.00010429468220700992,3.8077228558589806,-0.48771163848094373,0.00015630735788528793,0.1549252448768298,1.7753288532304878e-05,0.20793168252782412,-5.617671268189319e-05,-0.3023069656262962
0.001059272413894761,0.049162105785606446,0.14894502531814843,0.2104859572053062,0.038673643213280505,-1.6285762602821254,-9.501407261909144e-06,0.1351367297864899,-4.319354449121712,-3.3274657278124445e-05,0.10306639120869604,-5.49126717002668,-2.220466057296844e-05,-0.15365258538557033,3.506794282537915e-05,-0.03559031528136167,-2.013385536252462e-05,0.00952814517177037,0.6114147540511654,1.5674850926063428,1.9840704214655283,1.404610801022396,-0.2620562027903091,-1.1744280865884456,0.00013823204515576036,-0.5757824963276353,-3.360715307885417,0.0002732635299508175,-0.4796511875373686,-4.70963410491379,0.00019806283765515657,0.15689029584924302,-0.00010027658815395363,0.02134987056903359,-3.1689514345164944e-05,0.20569062916399705,-1.665840588944561,-2.741813915550674,0.8347409882910782,1.4638359275423425,1.762289440705224,3.330274948634917,-0.11278428352788868,-0.27334204786533256,-0.29724920955030326,-0.1412807720222432,0.09585630620751179,-0.7652138417046748,-9.443806989780155e-06,0.16909238064470383,-2.35284647028757,-2.5387347151630836e-05,0.1219292457845553,-3.7866705389887354,-1.9755091559091634e-05,0.2585950334196176,-1.945309729100778e-05,-0.020264852872040023,4.862232654938609e-06,-0.06341434797220233,-0.9567217443632514,-1.8456191975188068,0.04817891305896314,0.11218886439984162,0.19049621064089883,0.3039076818425991,-0.04872920898725816,-0.14523471200796126,-1.0267406563197708e-06,-0.18309738040486612,-0.6373437133433922,-3.2600573685690455e-06,-0.4383656352636419,-1.6544084415089144,-1.2878906649519146e-05,0.15262782313605508,4.700558981456852e-06,-0.0044753249995414385,1.4212170584137126e-06,0.04329308853901015
7.987300246995572e-07,3.616317011894007e-05,0.0001090750919706757,0.0001647320525430336,3.486631232025883e-05,-9.501407261909144e-06,-1.5659130389798173,0.00012104479695922228,-3.3274657278124445e-05,-4.125750947105437,0.00011174000677068937,-2.220466057296844e-05,-5.316652847272374,-2.013385536252462e-05,0.03527045057008491,1.8837193134061115e-05,-0.13589117331532946,1.0267750628263209e-05,0.00036712758525016037,0.0009386584719217243,0.0012036716201369612,0.0008783466519134144,-0.00014847090110480023,0.00013398732025738508,-1.351059332129057,-0.0003106155955207266,0.00028407195710135346,-3.67283245632848,-0.0002632109595420664,0.000214214975091046,-4.902663239472839,-2.009474600059395e-05,-0.17441917099544785,-0.00016729914192703727,0.20291533184606747,3.114394009346767e-05,0.00012347459654929075,0.00025341263203210943,-0.0002876116448122199,-0.0004418206625417153,-4.6536493860051666e-05,-2.23057933615873e-05,9.766477200812863e-05,0.00027723234130079435,0.00042240942524032516,0.00041114850624337373,-0.00011452763962450628,-2.704508418541217e-05,-0.7551255573247903,-0.00034370863027047044,-7.878913727392926e-05,-2.258358093943504,-0.00035370797694787035,-6.696570109320092e-05,-3.659069406775523,1.70831220587149e-05,0.05740515787762747,-5.1248457529820665e-05,0.2500910482973652,2.84551361185792e-05,0.00015969093309847073,0.00035373741997665764,-5.087459249612689e-07,1.2193820054018354e-06,1.7373496602845154e-05,6.531360359877256e-05,-2.1172059999178e-06,7.41895723501237e-07,-0.14970415569224166,-3.314130842055285e-05,6.905245990262832e-06,-0.6378140674735838,-0.00011135002960556038,7.140942483915468e-06,-1.6232591087232953,-3.90829114165307e-06,-0.017981919760348145,1.6054770770201745e-06,0.1557167026431253,5.014830872607169e-06
0.004841953610953869,0.15806290375705062,0.1873400897012675,0.10917439313380382,0.3662028792272313,-0.6279967324775817,-5.772090097108978e-05,0.3478773507460656,-0.5148012060552881,-6.370370468194143e-05,0.10644283006656874,-0.15365258538557033,-2.013385536252462e-05,-11.118169713113877,0.00011652521881038485,-0.1390388117257757,-5.980646102351796e-05,0.0369510569297075,0.9201550344349984,2.3212249456873426,1.0765010465602984,0.20315523628967724,-2.9628447765073513,-0.06845965306542526,0.0012106440162524593,-0.5737414082344825,-0.9949785578010099,0.0004137912277539952,0.020608072871810743,-0.2444167535793279,3.3075963579384006e-05,-0.20309998403601576,7.550853944747407e-05,-0.7299136197146103,-0.001884223326777064,3.073788603967617,0.3185410442712515,-0.011424308481649983,-2.508420479212096,-0.4911602067986141,0.16857227970054411,0.7222813297338002,-2.2670235175844898e-05,-0.006322304565079606,0.0013452807573951005,0.07006196218747142,0.01595345298833058,-0.029809512796095117,-2.4244671641021324e-06,0.010830317998798073,-0.4397238859401487,-1.3672044819426117e-05,-0.08873246766634017,-0.310508839939477,-2.9928767878509767e-06,0.03878445860013565,-2.052230180319098e-06,0.0066100924219329145,3.961678441209878e-06,-0.021707371935590063,-0.008431239711876733,-0.21455312622727415,5.839916293711379e-13,8.983684512474406e-08,0.0014260511134150116,0.04182719793115696,-3.4120314633197777e-07,-9.611263986693648e-08,-3.0987147452560216e-12,-0.006893530511672671,-0.002689484404297722,-2.936826549144084e-07,-0.12325649676525925,-0.10528035122311925,-5.209494464886813e-06,5.796246731530858e-06,8.881925200526864e-11,-5.827273271061108e-06,4.398734986778423e-10,1.1045194224730998e-05
-1.0958980155080356e-06,-3.634624738965281e-05,-4.421421554097929e-05,-2.610884199014172e-05,-5.772090097108978e-05,0.00014435139502029976,0.16016442562772848,-6.370370468194143e-05,0.00011859614016245628,0.12205116705052615,-2.013385536252462e-05,3.506794282537915e-05,0.03527045057008491,0.00011652521881038485,-10.615939377367337,-2.198838178498514e-06,0.08195975401832609,-5.2452920879340344e-06,-0.00027380725902151495,-0.000675980322007134,-0.00030472680940391613,-5.3039374935387253e-05,0.001163861537725067,1.8502381719592587e-05,1.004808756247367,0.00038312328708910577,0.0002839970034903568,0.7796917694294381,2.5923979287722703e-05,6.63350754549998e-05,0.12618725288213492,7.573333988842367e-05,0.05090194476967706,0.0011860257004678158,-1.8601937078468123,-0.0014518030505507014,0.00043182044722470705,0.00011277153300081388,0.0005450270024010931,0.00010782706546816786,6.332740076271863e-07,-1.8758676350308915e-05,1.6573874211931076e-09,-1.0131638641542653e-07,-8.289758487974907e-06,-1.851261445901855e-05,5.3192741659230654e-08,3.024239097698154e-06,-0.001621528165634795,1.7199247164193754e-05,4.536409099354849e-05,-0.01830354374095091,2.2745853897722465e-05,3.79721819146306e-05,-0.0004061233306561666,-3.937954183772854e-06,-0.002121538415306866,-2.9330737082145235e-07,0.002557703715436711,1.2939574464185266e-06,7.780848729541418e-07,1.920417828030836e-05,2.752246422792664e-19,-6.352345125441538e-13,-1.348820278046354e-07,-5.558288130714774e-06,3.0576949518569568e-12,9.58925873207974e-13,8.284973859768252e-09,6.51394280410581e-07,8.904461716199148e-08,0.00027385637036138956,1.6521603347283067e-05,3.4253794024409576e-06,0.0110440749241357,-9.108891039520491e-11,-1.4978955328782252e-07,1.5840357817255577e-10,-5.473194367509099e-07,-2.9220246521496967e-10
0.009258487138901872,0.2932590887714177,0.3302417110677274,0.18738872712470878,0.4306381534871615,-0.12908247248640264,0.00010848941380046178,0.37917515753989883,-0.11618691497579693,6.978677907380093e-05,0.11581205785970344,-0.03559031528136167,1.8837193134061115e-05,-0.13903881172577573,-2.1988381784985198e-06,-10.728448615787315,-7.945158061265281e-06,0.15632488690316704,0.6678680145016326,1.7255985722869065,0.8694694092771846,0.2315494449015012,-1.727940206343902,0.9103803390142576,0.0015940921077519641,-0.14590803490993842,0.12335182545156265,0.0008908025846711216,0.017798917575118534,0.010450162586800094,0.0001404000967217628,-0.7980120981053267,0.0012447127523360277,-1.4545704384093812,-0.0024187770560584565,0.5279544406533359,1.6945190802645287,0.5108778776947234,1.6215843739431948,0.46114039719807165,0.10008150786830768,0.4474054499258667,7.960374000727813e-05,0.04805554834232388,0.288372144185308,0.1919163757016471,-0.10867190836094065,-0.014252273072707402,1.0114557665485915e-05,-0.6204101829329716,-0.0926171572886982,9.177780933346395e-05,-0.15530729947719735,-0.042717970410904776,4.8935858962389557e-05,0.021669556545360208,-1.325156961871629e-06,-0.052356337230039414,-1.53095099896601e-05,0.08237482303625,0.005892738518317185,0.18627969254889223,2.2849274807335234e-12,4.0131270732174293e-07,0.003450219224408926,0.08662053862703945,-1.435994892540052e-06,1.3098043795344357e-07,-2.1635005514460944e-11,-0.015967768559764464,0.0007907334996204245,-2.5385627452422547e-07,-0.2298538512618321,0.00995954876631644,-1.5288896774318238e-06,-5.363238489058452e-06,-6.512731728085165e-11,-2.118914598991485e-05,1.0196421413922027e-09,3.578680039032484e-05
5.019608185540561e-06,0.00016002989417516724,0.00018199352625040163,0.00010369305723403175,0.00019434520065810361,-5.772090097108978e-05,-0.5913492825263814,0.00018042740428825471,-6.370370468194143e-05,-0.4636663590900288,5.560344408190557e-05,-2.013385536252462e-05,-0.13589117331532946,-5.980646102351796e-05,0.08195975401832609,-7.945158061265236e-06,-10.818160656370997,0.00013314356031839022,0.0005526664444263534,0.0014009420953898079,0.0006713095365617844,0.0001500669067002049,-0.00178484599665586,0.001217523005957538,-2.072320113574969,-0.00038302810036136586,0.0004363805459468938,-1.6796874227855352,-1.7265147179435995e-05,4.6175897796821184e-05,-0.30692580343875725,-0.0018882786570776748,-1.9385354093805287,-0.002458483130158771,2.917781034577699,0.0006744043924392954,-1.49825116610963e-05,7.646891705848593e-05,0.0008700052335095298,0.00022921763685228904,2.449031065299735e-06,4.8551183763209615e-05,2.0083729380781553e-08,1.4791719744790207e-05,0.00010163502986081098,8.945646426607522e-05,-3.575683442197598e-05,-5.9320712422099574e-06,-0.02820116154220573,-0.00025463167141180735,-4.6542675330504927e-05,-0.4081283822475724,-0.00011102707842240253,-2.7377380004021413e-05,-0.27898906023431363,8.86297871848006e-06,0.004304090519773961,-2.001224191127479e-05,0.03818739755677158,2.7153055768107562e-05,1.4817737508431017e-06,5.795364604100554e-05,-3.2633469852780054e-18,1.3399787570536027e-11,4.4623644364466817e-07,1.750189576711435e-05,-4.806339456631554e-11,6.251807092268448e-12,-1.1658557920912488e-07,-2.117154866426788e-06,-5.301320119203054e-08,-0.002800179845102917,-5.136917030142702e-05,2.461397443520249e-08,-0.10720792952762015,-1.0781219098822323e-10,-5.21435205219706e-07,-9.386993585110452e-10,6.80276666804257e-06,1.7208384886663877e-09
-0.005658497764946535,-0.18370054484411558,-0.217109410471366,-0.12688893536705104,-0.7092397115662079,-0.017538947113558245,2.499690281890193e-05,-0.605615790861779,0.024584543782773832,3.091563206289922e-05,-0.182830956271872,0.00952814517177037,1.0267750628263209e-05,0.03695105692970749,-5.2452920879340344e-06,0.15632488690316748,0.00013314356031839022,-11.104752915219452,-0.7007817466437818,-1.8499167061764155,-0.9226255878108232,-0.20681197924237882,1.0346581103645316,-2.607475140057081,-0.0009550137796314657,-0.5213962609115712,-1.380279456974033,-0.0003620557824190664,-0.1811001052029415,-0.18050734221120934,-4.168534093319429e-05,3.114540776177723,-0.0015494487158842897,0.6269566338754464,0.000745197294363001,1.5618770704436247,2.8747343372221943,0.5675094978552555,-1.1953656025200412,-0.22778081894142188,0.02060419318069548,-0.00018077761002577297,-0.00013597877620229702,-0.08115190953448727,-0.46761135742256765,-0.24226046230617526,0.18302056193858326,0.02657793255183159,-1.2842161213395e-05,0.9856645324734443,0.18304226902131399,-8.56487711054397e-05,0.1160025993601379,0.06584961023414529,-2.102227956297058e-05,-0.04102809733515707,2.017368668674483e-06,0.08469977269085162,1.9890350739022093e-05,-0.14145820080211877,-0.00559511155676246,-0.19059086054677238,-3.914204681815038e-12,-6.870925203608827e-07,-0.0056649867961776745,-0.13423208312685067,2.4557717589389497e-06,-2.4171412157375575e-07,3.830339844945887e-11,0.026129067238662616,-0.0019538746279192058,4.44595895443176e-07,0.3469928797865496,-0.037329350183711765,6.232219330349315e-06,1.0341975901353479e-05,1.3820541727602388e-10,3.569311198835311e-05,-1.7816458911868847e-09,-6.0852509127456326e-05
-8.783547724993552e-05,-0.49628488571536683,-1.6490601883610696,-1.3206318054595143,-0.9926923256565717,0.49178173576939244,0.00029534934972072474,-2.9707825648495643,1.471589456365393,0.0008836842463405682,-1.2345205990836396,0.6114147540511653,0.0003671275852501603,0.9201550344349979,-0.00027380725902151484,0.6678680145016322,0.0005526664444263532,-0.7007817466437812,-41.71834407703214,-4.070181382249203,-4.646930200825463,-1.7366369053254473,-0.01397244953776006,-0.07239444589494218,-5.0311212477335334e-05,-0.002347283977794853,-0.01216182889835177,-8.45196826769615e-06,-0.0004730662741975123,-0.0024510696560492242,-1.7033904146514986e-06,0.0011787522221255852,-1.0035922953106886e-06,0.011626088550060976,2.183058716479038e-06,-0.007115535893559066,-0.0010257285724942753,-0.3744675550792561,-0.0009302317937759444,-0.36470817300296654,-0.7914219048779161,-2.3163435330276583,-8.788867044496573e-06,-0.24169448201883062,-1.3015210748232966,-1.2405474924429951,0.49990952073460276,0.3212355171257001,7.14376606000778e-05,2.4398059567107113,1.5674188549162527,0.00034854360943899725,1.2068063694842504,0.7751592699832981,0.000172322317569524,-0.4649971252683169,-6.645623867492412e-05,0.2951884995424177,-0.00010339549868972844,-0.21239041564714786,-0.0005046310240063838,-0.3072924661359108,-2.570529179084475e-18,-1.002635460513023e-06,-0.035850752315836294,-0.529351944193592,4.458008325336141e-06,6.057117970767293e-07,6.778366502983516e-10,0.15828702637173309,0.021852774387344533,2.407754872011982e-05,1.3474182687905394,0.18613463456756954,0.0002049128498444533,-7.497464107912334e-05,-1.1398116208391404e-08,0.00016109690293221349,-8.328228365544852e-08,-0.0002687247258293138
-0.47560573344267465,-2.729907759427745,-4.616865892457379,-3.8149517167083724,-3.4601347435366563,1.6695966285834987,0.0010050162736556694,-6.4999209327769405,3.087795674443351,0.001852469109698157,-3.3394181222500685,1.5674850926063424,0.0009386584719217242,2.321224945687342,-0.000675980322007134,1.7255985722869052,0.0014009420953898079,-1.8499167061764141,-4.070181382249201,-13.284689592911782,-10.267365445443566,-4.9103224243280845,-0.10193547426684962,-0.525989857630492,-0.0003616270162837661,-0.08166526727065848,-0.38811978157763927,-0.0002566113731041835,-0.02678647739585622,-0.11660543528013155,-7.523715205532394e-05,0.03630033594757661,-3.5087467685123794e-05,0.37179402567917386,7.014481188421846e-05,-0.23244337884618282,-0.10760525471871085,-1.4468299509576328,-0.09882222702687789,-1.3735407635290025,-3.1412412235070706,-5.75358282860255,-0.2455267661661641,-1.9376446024297789,-3.9072488096289737,-3.622727440151239,2.4345919965915575,1.5744163769088422,0.0003349402607902322,5.658575476904604,3.5832019371745933,0.0007525227665350236,3.2615065273014805,2.0384195829811835,0.00042209249286840906,-2.120005356787477,-0.00029283743140375777,1.3577016019024204,-0.00045451134060937133,-0.9631717624710032,-0.07537239626261863,-1.252687880560415,-0.0003418003622239202,-0.0136707418315956,-0.34245940359428945,-1.7149220873320767,0.028123233661106764,0.002579719164658851,4.283825942098522e-06,1.0465142792024578,0.11847157832934951,0.00015708725779780953,3.8098106107465637,0.47522137870394165,0.000560907932199419,-0.020477960489549925,-3.048779179353529e-06,0.06967889889599348,-3.600660089426151e-05,-0.11607463104062198
-1.5722262776384663,-4.386541928747993,-6.474670823629362,-5.927190255495276,-3.0267422324028157,1.4061769993781161,0.0008552674024123163,-6.427677004173582,2.869237635970806,0.0017384901339645743,-4.66528227670788,1.9840704214655283,0.0012036716201369612,1.0765010465602989,-0.0003047268094039163,0.8694694092771846,0.0006713095365617845,-0.9226255878108232,-4.646930200825463,-10.267365445443566,-11.310440644284176,-7.416243488196365,-0.11115436842358409,-0.535008415819938,-0.000356458359455322,-0.2869788744445212,-0.8467311755363047,-0.0005069289377992613,-0.19710084923099846,-0.4053690137372347,-0.00023130770251555898,0.03583607835752884,-4.68469575752244e-05,0.4276056048734036,8.004445137806438e-05,-0.27838854131664714,-0.7836239580314092,-2.8522257178523485,-0.7305099856019259,-2.67519642429027,-3.8040485977841723,-7.145430309163751,-1.324667888822055,-3.97576102873731,-6.087949124695765,-5.8030148885507336,2.49396108107274,1.740084818617,0.00032429185837397627,5.766528513686704,3.7363191614871996,0.000704290412287268,4.418244511645405,2.7142688072607766,0.0005054539129759337,-1.0994665524960998,-0.00014208530486182797,0.8134037893770647,-0.0002500140317612103,-0.5363358616739391,-0.7054321536526064,-2.704500908966024,-0.15785871767582854,-0.5021603320424302,-1.450216914296207,-3.2180505060014113,0.47496392452236813,0.038013910854020116,7.200987207690371e-05,2.5677892302609857,0.1849962262318418,0.00038379438521748304,5.541798849952353,0.5504414945431575,0.0007978624401620154,-0.03959022197993959,-5.155514666313638e-06,0.3493292006201047,-0.00017832136023760865,-0.5707639831778761
-1.2555136533167368,-3.484055591170409,-5.515653992936008,-6.71079049641317,-0.9987970506953602,0.4141132158529524,0.00026138942343200414,-2.983432971804257,1.133690749632035,0.0007109452550409235,-4.04290567243286,1.4046108010223965,0.0008783466519134145,0.20315523628967638,-5.303937493538717e-05,0.23154944490149942,0.00015006690670020458,-0.20681197924237704,-1.7366369053254473,-4.9103224243280845,-7.416243488196367,-7.973623714677356,-0.06810184796649045,-0.3019673561594064,-0.0001965377093540711,-0.38683656313779763,-0.7955904639096218,-0.0004539720504377537,-0.5413825700803567,-0.6676522414772883,-0.0003677873111560192,0.01779558549250061,-2.911450875218789e-05,0.2459960729994206,4.540729513788401e-05,-0.16402915128644002,-1.420550152947134,-3.5900426930053793,-1.336934644586773,-3.3551536584759254,-2.4082243857815926,-5.475432940043585,-1.2640007546039735,-3.7335976132216144,-5.892007819833667,-6.951464032303395,0.6642879149691892,0.6672970703409424,6.256251296251737e-05,2.3354224267377868,1.8007506330630285,0.0002068144774260722,3.3696877202985744,2.1367962167602705,0.00029412964339565155,-0.0849095714019145,-3.5275072261625124e-06,0.273825145788515,-8.299568330994965e-05,-0.19267809612107634,-1.4651031806586259,-3.758686245469753,-0.6831269143670763,-1.635533771703988,-2.988813955590401,-4.6375332454023965,0.5483881065496636,0.009356088322739809,8.192587530378296e-05,2.2504726314268084,0.027121740799066485,0.000328929175907428,4.526391830297351,0.2580576727081039,0.000625939734125127,0.07851191163303517,1.3406017587019602e-05,0.20399238638506456,-9.896327649945423e-05,-0.3048338735230489
0.949895214562289,3.3523463977304924,2.8006261512891615,0.6640703885313154,3.323518411619911,-2.3189239409740603,-0.0013932325399447062,1.001526645549415,-1.871823217384436,-0.0011140733781865825,-0.9365196488816279,-0.2620562027903103,-0.00014847090110480099,-2.9628447765073513,0.0011638615377250671,-1.7279402063439013,-0.00178484599665586,1.0346581103645316,-0.013972449537760053,-0.10193547426684962,-0.11115436842358409,-0.06810184796649045,-14.116585502240241,0.023948751981177442,4.834570077760307e-05,-6.9952502741772795,0.014510776683579574,4.663255692670792e-05,-1.9576740636261811,0.0024322885002072744,1.4574374463742418e-05,-0.6583469225694644,3.515547255394641e-05,0.0335319783690757,-0.00038020714645798016,-0.047692369895545476,0.1433593777039247,0.8933737676530644,0.20716358615522756,1.3708650698536549,-0.475291140839811,-0.40487552148458306,-0.5080716190849903,-2.4517164413171697,-2.537687671573819,-0.758241660637025,2.3962393653261715,2.196394285637797,0.00046842154861363483,1.2061699210234746,2.3429441005840115,0.0005049342467433562,-0.7588392436695037,0.42041914540821157,9.738712249149547e-05,-2.6281254693719753,-0.0004857081178986408,1.4619137903208137,-0.0005687153659109967,-0.23771803712326411,-0.08754107055161756,-0.6862832113966653,-0.0013866351328894362,-0.03794321412795348,-0.5309435596461287,-1.1614107417019714,0.07317210024995524,0.007465862066414678,1.191077269841178e-05,1.4361127184953069,0.180145073281081,0.0002475548068492521,1.7355540722182452,0.3069719279603925,0.0003854173845685438,-0.04880474733204258,-7.959673861619743e-06,0.15210055437413464,-8.475949847998428e-05,-0.2519475527024733
-0.47260745016000255,-1.7198422406410283,-1.5882212293129003,-0.5688583263522419,-2.445257802094592,-0.2554682000939076,0.0007129929050749548,-2.2347768268404913,-1.7356094818591123,0.0006391102686607121,-0.4867703626425953,-1.1744280865884456,0.00013398732025738524,-0.0684596530654255,1.850238171959267e-05,0.9103803390142572,0.0012175230059575375,-2.6074751400570806,-0.07239444589494216,-0.525989857630492,-0.5350084158199377,-0.3019673561594064,0.023948751981177442,-13.791192745108976,-2.5460525521713708e-05,0.014510776683579574,-6.63927414164927,-3.315768333439935e-05,0.0024322885002072744,-1.835012736016279,-1.2100188635609041e-05,-0.11014566795817761,-0.00034121659478787757,0.28765184757826734,3.515547255394641e-05,0.22403717612791402,-0.17359219831515335,-1.1564703560826093,-0.013268418059190164,-0.11888207836340364,4.026796381644275,2.6616027943202725,-0.3262009771820618,-1.576625681066337,-1.7189255719273648,-0.647436291023651,2.184827041677151,0.4429869364363599,0.00030231105022208684,2.507832702807781,-0.7701782762385703,0.0003360841574790695,0.5766121180966983,-0.9733382893810217,7.159922314536169e-05,-0.9255568002518951,-0.00012905840808846142,0.9443868598595627,-0.00048580710451085303,-1.8854499487908614,-0.138767007176956,-1.1236214926641495,-0.0001932640357177922,-0.006244881351133108,-0.09950404606630565,-0.2603055565253329,0.013117491578560733,-0.00430871850549542,2.00942783401928e-06,0.2989110824897906,-0.1830543597238695,4.55361478419902e-05,0.5622603010615705,-0.7551336489978933,8.40874062438753e-05,0.03763102473307106,5.754269622800511e-06,0.028830941882679394,-1.6295508894772153e-05,-0.05636019288613115
-0.00028382325232827025,-0.0010318717278057607,-0.0009589789047461139,-0.00035081107196617496,-0.0014653013560376852,0.00071109292131968,-1.426599598644607,-0.0013411335151643573,0.0006435938642320813,-2.7388280600688595,-0.00029200578076422624,0.0001382320451557604,-1.3510593321290572,0.0012106440162524593,1.004808756247367,0.0015940921077519643,-2.0723201135749685,-0.0009550137796314655,-5.031121247733532e-05,-0.0003616270162837661,-0.000356458359455322,-0.00019653770935407108,4.834570077760307e-05,-2.5460525521713708e-05,-13.50886480049091,4.663255692670792e-05,-3.315768333439935e-05,-6.366959124939023,1.4574374463742418e-05,-1.2100188635609041e-05,-1.7471225666274979,3.515547255394641e-05,-0.3841564838007609,-0.00022664622549097043,-0.09975894764018339,-1.9495275835051295e-05,-3.380683625972822e-05,-0.00024214747683198255,-5.5633505237350947e-05,-0.0003935124011748967,-0.0016435138086831548,-0.001309356020019972,-7.316008455892484e-05,-0.00036892780424457855,-0.0004501108832465398,-0.0002320697515579624,0.000507791795150832,0.00032931084207506395,-0.9604912335773133,0.0006689883604538124,0.0004179613164297196,-2.3088731521855235,0.00021794202292291936,0.00012673198015848732,-1.2833414830200938,-0.0005177427117381518,0.8542583223243266,0.000543052113249898,1.3178450134593995,-0.00023499966536241805,-1.255789749773646e-05,-0.00012365690328699887,-2.1154374384694708e-07,-5.792817282212269e-06,-8.373909307922955e-05,-0.000216709306311237,1.193803755157654e-05,1.151064202915653e-06,-0.00502330137990142,0.0002602024144229956,2.9174955366239697e-05,-0.2026215463138289,0.00048735595284444606,5.930014583379936e-05,-0.7884280787847955,-8.282151948565663e-06,0.004516034183702641,3.422773983917959e-05,0.0416035953047637,-4.490560141302601e-05
2.8263908225397203,5.898419476123909,5.526053312029287,1.7867200246040482,1.3652300214897881,-1.8701270228634013,-0.0011287731458183982,-0.6272843918289844,-2.2195944079078505,-0.0013119678210057892,-3.0416092165549258,-0.5757824963276356,-0.0003106155955207269,-0.5737414082344825,0.000383123287089106,-0.14590803490993753,-0.00038302810036136586,-0.5213962609115708,-0.002347283977794853,-0.08166526727065848,-0.2869788744445212,-0.38683656313779763,-6.9952502741772795,0.014510776683579574,4.663255692670792e-05,-10.603425835131514,-0.04827097976373018,7.593312018273894e-05,-5.60041813487713,-0.05731980531537167,1.876285550577013e-05,-0.6215349744950457,3.8184176572677336e-05,0.02852664596080637,-0.0003397022973029846,-0.03626478530590698,1.238338367515784,2.6167735875673723,1.8542504226450718,3.9389429838269834,-0.5619568564767858,-0.7681614290389109,-2.484955515373822,-5.823603005935388,-5.9368797788024565,-2.4842628052557574,1.1016465459546114,2.574463934295162,0.0004534194271282252,-0.417424101340944,3.358376712631038,0.0006044923076813375,-2.5669647331665466,1.0747456110354405,0.0002131057765450005,-0.5163024027353034,-0.0001913029837781284,0.3783165247831013,-0.00018465468978024938,0.6625786524244242,-0.9834578286726184,-2.3566667877402434,-0.567643318279537,-1.5664618881932912,-3.25359930712308,-3.8932258239066613,1.2542519152215652,0.12851914643095352,0.000224427219600105,4.367389887343747,0.4103744548839675,0.000825750138422514,3.742637499869131,0.5592422421428183,0.0009203998317659251,-0.11249702113492155,-2.1657297062719553e-05,0.7094854797485606,-0.0004343489021091967,-1.1395697626621126
-1.4059453891510068,-3.0052186963611733,-3.0705637561361523,-1.54354652936337,-2.050705639137581,-1.6746625473211116,0.0005798797718271914,-2.8190120477584806,-4.0118624871546045,0.0007535735779041828,-1.1926180890549236,-3.360715307885417,0.0002840719571013537,-0.9949785578010096,0.0002839970034903569,0.12335182545156265,0.00043638054594689397,-1.380279456974033,-0.01216182889835177,-0.38811978157763927,-0.8467311755363047,-0.7955904639096218,0.014510776683579574,-6.63927414164927,-3.315768333439935e-05,-0.04827097976373018,-9.54152274190167,-0.00011083283481405408,-0.05731980531537167,-4.931392067458798,-6.510320999113386e-05,-0.10267554806936112,-0.0002826872027008271,0.25939235618525913,3.8184176572677336e-05,0.1268667690857549,-1.5491632547083927,-3.2995748419636763,-0.08254094029429979,-0.34700012352749526,4.711864455593175,4.491477570336983,-1.5947719697080034,-3.6562707499601235,-3.7955196007006378,-1.852213573347927,2.3148017193774013,-0.7808920866272552,0.0003020064276427547,3.3099029706131544,-2.803153330439527,0.00040307082728984194,1.3229916419629124,-2.9344449482130366,0.00013795351599962642,0.40228463434075185,5.408739647479238e-05,0.18558609635420042,-0.0002274700140602976,-1.4644027747302828,-1.5920618498280832,-3.563349123707353,-0.07899551883100032,-0.23412880360713295,-0.58749333156465,-0.8503698786163312,0.23033340557492205,-0.21403801525194238,3.508016637636981e-05,1.0355605544362205,-1.1312891774179523,0.00015765417298142158,1.3577336795683128,-2.3705615613611695,0.00019961144803479002,0.5116521322231842,7.779991789827021e-05,0.15693100046389677,-9.309554840221354e-05,-0.3354479684592488
-0.0008443185721707658,-0.0017978585593287012,-0.0018297246231401365,-0.0009041309866142117,-0.00121780167539737,0.0005702148809169402,-2.5797189470132706,-0.0016446317942138506,0.0007399466235803074,-5.090776471673954,-0.0006594152783064502,0.00027326352995081743,-3.67283245632848,0.0004137912277539953,0.7796917694294381,0.0008908025846711216,-1.6796874227855352,-0.0003620557824190666,-8.45196826769615e-06,-0.0002566113731041835,-0.0005069289377992613,-0.0004539720504377537,4.663255692670792e-05,-3.315768333439935e-05,-6.366959124939021,7.593312018273894e-05,-0.00011083283481405408,-8.922522629807109,1.876285550577013e-05,-6.510320999113386e-05,-4.604984139859655,3.8184176572677336e-05,-0.2991210035729286,-0.00014794666952648922,-0.08953073320162197,-2.850754730107874e-05,-0.00028476088559057456,-0.000685630622981086,-0.0004938712849107009,-0.0011016319051803914,-0.0019125835523782961,-0.0021609935210829146,-0.00035771231546040464,-0.0008631370616965367,-0.000977980575345056,-0.0006115153160300879,0.000519155578711473,0.0003816359066818089,-2.3475572555185575,0.0008440254142460446,0.0005641923279316805,-4.810726941569286,0.00046231138101676737,0.00026264875856646977,-3.5902934480766526,-0.00022197313954834167,0.9766103213372579,0.0003907844991271819,1.4030309248471347,-0.00011515548831881781,-0.00013891052116466796,-0.00038742103815429194,-8.659777022359692e-05,-0.00023921664731228767,-0.0005025929747213745,-0.00066107248525517,0.0002260497626633353,1.9773840582236617e-05,-0.22638330926851363,0.0008546007754965898,6.62893315932366e-05,-1.1276776923495144,0.0010935705391612984,0.00010185149708896434,-2.3563624388071234,-2.487760445070214e-05,0.04409796296744692,0.00023842316310605273,0.49604642114956987,-0.00024975986046128155
1.1706505729125602,2.898353550446647,3.668405220009524,2.269870924313518,-0.5112989736770698,-0.3148213467548228,-0.00019234235480519352,-2.045690472445391,-0.6618887972648894,-0.0003880147741182513,-4.43927422947476,-0.47965118753736885,-0.0002632109595420667,0.020608072871811003,2.5923979287722656e-05,0.017798917575117645,-1.726514717943575e-05,-0.18110010520294018,-0.0004730662741975123,-0.02678647739585622,-0.19710084923099846,-0.5413825700803568,-1.9576740636261811,0.0024322885002072744,1.4574374463742418e-05,-5.60041813487713,-0.05731980531537167,1.876285550577013e-05,-6.944339732450311,-0.10469148846571483,-2.8284841276293856e-05,-0.1928511883652265,1.1888920516207381e-05,0.00975216722965818,-0.00010355110010386282,-0.012104959988207969,1.3196181344076086,2.576409007855904,2.019066721768308,3.9303257087089367,-0.21237228123285878,-0.4980702078592441,-1.2307207802805367,-3.4053307025743575,-4.581249767375001,-3.4392380756724217,-0.9015706955768336,0.6114024684567223,3.294128951189493e-05,-2.6833736219037774,1.3224880674075998,9.421328400055596e-05,-4.351593750758104,1.0103924865996614,0.00012366714197238837,0.23549284287914696,1.2844684368743375e-05,0.13039869363753542,-6.435710700496714e-05,0.02941167215853291,-1.196157153632442,-2.577073768954257,-1.2632528838416066,-2.8834191424030258,-4.64161913958583,-5.349663176101414,0.5215424587840427,0.025903969096656133,0.00014113658164772877,1.6556531863535917,0.0852949156044541,0.0004769408115244538,1.3509063988912153,0.2795346002344128,0.0006712977365625868,0.10686269039115678,1.6925633198967297e-05,0.13386904584199932,-0.00010635820460140522,-0.1641187098569734
-0.5823119538968539,-1.472182402735536,-2.000536227783817,-1.7322040865101553,-0.3921352252140331,-1.1012727097350645,0.00010258759089097775,-0.9899783913094228,-3.1933711977602224,0.00023136175456976761,-1.0481166331484062,-4.70963410491379,0.00021421497509104597,-0.24441675357932666,6.633507545499987e-05,0.010450162586799427,4.6175897796821056e-05,-0.18050734221120845,-0.0024510696560492242,-0.11660543528013155,-0.4053690137372347,-0.6676522414772882,0.0024322885002072744,-1.835012736016279,-1.2100188635609041e-05,-0.05731980531537167,-4.931392067458798,-6.510320999113386e-05,-0.10469148846571483,-6.087599090703643,-6.726155079614196e-05,-0.03252967099435946,-8.330733403391948e-05,0.08015473944175745,1.1888920516207381e-05,0.03328607766125603,-1.6821279764548933,-3.31199522072442,-0.06868713767292144,-0.2587448389238995,1.774239430665158,2.827443729867454,-0.7895962865678039,-2.10162876506817,-2.7965880745325618,-2.2451521829949654,0.37653095617424664,-0.9914114523653297,3.6584744985676116e-05,1.0308262156658443,-2.96165484128696,9.31349131972392e-05,1.0415385633971315,-4.473023228472618,8.764817332483541e-05,0.1867958004917207,2.1116060209638472e-05,0.01583327381883648,-3.6017579053827346e-05,-0.27839106001186553,-1.9726334562577506,-3.9083823696204716,-0.17576409059061412,-0.41992657639147785,-0.7595581659008561,-1.009711327846944,0.14990473720179942,-0.42666709615711546,2.2574009844016116e-05,0.6150957318054721,-1.6386520732451215,9.220107656763677e-05,0.9673630873919948,-3.311198744542065,0.0001378684258644893,0.3530190112813619,5.2872134942240404e-05,0.06353942939163965,-3.347106989127045e-05,-0.10781268905286029
-0.00034969038178354726,-0.0008796195798764415,-0.001186544927133826,-0.001006031028941854,-0.00022691620050635638,9.66889514407201e-05,-1.2298180795280762,-0.00055697786980891,0.00021738395051159486,-3.4428703944849515,-0.0005721991522168922,0.00019806283765515654,-4.902663239472839,3.30759635793838e-05,0.1261872528821346,0.0001404000967217626,-0.3069258034387557,-4.168534093319397e-05,-1.7033904146514986e-06,-7.523715205532394e-05,-0.00023130770251555898,-0.00036778731115601914,1.4574374463742418e-05,-1.2100188635609041e-05,-1.7471225666274979,1.876285550577013e-05,-6.510320999113386e-05,-4.604984139859655,-2.8284841276293856e-05,-6.726155079614196e-05,-5.780429372557116,1.1888920516207381e-05,-0.0873051848459136,-4.043152117702362e-05,-0.02774338185689123,-1.0121883034971668e-05,-0.00029960959894292027,-0.0006446464149980443,-0.0005358103914100557,-0.0010780896422305898,-0.000718853458429303,-0.0013122087476513003,-0.00017716066252595613,-0.0005022639565068268,-0.0007241866843706187,-0.0006845987780381634,6.518974149012084e-05,9.109943469138722e-05,-1.3145043750886005,0.0002204542989432423,0.00021630255847478004,-3.6209589037386505,0.0003100023112140149,0.00020308893000979344,-4.987719856040707,4.345053850544818e-06,0.20405108264552474,6.428663146536815e-05,0.21976170541625897,-3.032948232086467e-05,-0.0001680494758916015,-0.00040039106178300893,-0.00019271746362709482,-0.00044036205702498095,-0.0007138649784608811,-0.0008625635238079614,0.00014434818511923424,4.103836441922185e-06,-0.4238540735279339,0.0005036302071460796,1.5087015914553824e-05,-1.5907653126244015,0.0007911316464800843,4.958284753795906e-05,-3.242432942000815,1.4272828501647402e-05,0.00932423084124995,0.00010066232936375611,0.3105161259959655,-7.235636638111635e-05
0.8850454896704084,2.324270326343361,1.0409297361346324,0.13467409896901908,2.9870440004174457,0.06284721678771903,-0.001183675918363996,0.41424267343915255,0.9006444784748366,-0.0003994234866852415,-0.1517183523740076,0.1568902958492437,-2.009474600059406e-05,-0.20309998403601578,7.573333988842372e-05,-0.7980120981053268,-0.001888278657077675,3.1145407761777224,0.0011787522221255846,0.03630033594757661,0.03583607835752884,0.017795585492500564,-0.6583469225694644,-0.11014566795817761,3.515547255394641e-05,-0.6215349744950459,-0.10267554806936102,3.818417657267735e-05,-0.1928511883652265,-0.03252967099435946,1.1888920516207381e-05,-12.444002724086785,4.058062925996068e-05,-0.03943983354457409,-9.787577809946344e-05,0.023141377041456267,0.17803512604612187,0.696095259576853,0.0228132313395814,0.16006195167461373,0.7220577284977344,0.2042580723662417,-0.47201663399559435,-2.133916516927068,-1.1386892537793554,-0.13786625816079584,2.6382164003887856,0.9346738163588606,0.0004908141050151288,0.5978068666595012,-0.38259850943151447,0.00023510042807809128,-0.16554089899614208,-0.1806213400786387,2.1962608266873628e-05,-1.7546935573970617,-0.0003134743888441187,1.1546971116056737,-0.000791416549873535,-2.104202034987863,-0.11330449490279701,-0.5884599148872279,-3.1746642055686304e-05,-0.0065121854079520074,-0.14152240514216233,-0.19405658059367387,0.015791641284466352,-0.003990207128535128,2.541950004101963e-06,0.41224948025460106,-0.24398263349135388,7.034650440863841e-05,0.28996938292735774,-0.4582523645917384,6.478590926504936e-05,0.04790640118531729,7.739794523136505e-06,0.04531669291499353,-2.7202845742428078e-05,-0.08910352823723806
-0.0002644784939603845,-0.0007171567739424502,-0.0003553327991324301,-6.755661170869863e-05,-0.001239158973399582,-2.2553245992854137e-05,-1.0336361043873967,-0.0004817893122650681,-0.0003296884569970491,-0.894260157169929,-4.582836578144461e-05,-0.00010027658815395361,-0.17441917099544804,7.550853944747403e-05,0.05090194476967708,0.001244712752336027,-1.9385354093805274,-0.001549448715884288,-1.003592295310688e-06,-3.5087467685123794e-05,-4.68469575752244e-05,-2.9114508752187875e-05,3.515547255394641e-05,-0.00034121659478787757,-0.3841564838007609,3.818417657267735e-05,-0.00028268720270082715,-0.29912100357292865,1.1888920516207381e-05,-8.330733403391948e-05,-0.0873051848459136,4.058062925996068e-05,-11.80422574979178,-1.1694058192774257e-05,0.010133943588113571,-5.0573851292407205e-05,-4.1951667485006935e-05,-0.00019369718227261716,-6.335155774954379e-06,-4.45061770366325e-05,0.0025044374175946338,0.000608951059061301,-6.798405117818783e-05,-0.0003222726574102252,-0.0002038454075844682,-5.0600071047744073e-05,0.0005283396968635211,0.00013883950783852783,-0.8541032821242327,0.00031231890154417505,-7.789064583187553e-05,-0.9644872445113684,5.2114314848716634e-05,-5.9466724825731976e-05,-0.20029964300080805,-0.00033143073463904726,0.47676661525496583,0.0005570098338714451,1.550251125774708,-0.0005479208879863052,-1.6362798212255757e-05,-0.00010939134409768627,-4.843266343894797e-09,-9.901848029121933e-07,-2.1768985808945098e-05,-3.328053569674858e-05,2.5233464194912782e-06,-6.067659105906118e-07,-0.000802829985308983,7.117560411988386e-05,-3.9364462343896e-05,-0.04759684869041081,7.426732879575726e-05,-9.258964720932185e-05,-0.10215602369962724,7.727849160556433e-06,-0.002743596778637329,9.545923183823066e-06,0.010069885364008605,-1.511602327535222e-05
0.6406516104465041,1.6706067848513215,0.8201144802995457,0.24317265490089213,1.7238882366393085,-0.8159884738065608,-0.0015667969211927055,0.1874921431013643,-0.0060032313638580526,-0.0009332990017680847,0.07467655072972423,0.02134987056903337,-0.0001672991419270375,-0.729913619714611,0.0011860257004678164,-1.4545704384093816,-0.002458483130158769,0.6269566338754453,0.01162608855006142,0.3717940256791703,0.4276056048734036,0.24599607299942017,0.0335319783690757,0.28765184757826734,-0.00022664622549097043,0.02852664596080632,0.2593923561852593,-0.0001479466695264893,0.00975216722965818,0.08015473944175745,-4.043152117702362e-05,-0.03943983354457408,-1.1694058192774252e-05,-11.931085415977677,-8.371948429027133e-06,0.1967418109544375,0.10714164569650438,0.46506269797168076,0.09854921217159454,0.4289318237691889,1.8256200409474892,0.5619744037396956,0.29975661220777844,1.36809821422591,0.8145600967708844,0.24910912660576923,-1.4658092068112174,-0.9547033723161368,-0.0005423295154889085,-0.35002682562888365,-0.1914814411379342,-0.0004444593553693674,-0.0768943733398828,-0.00653790105866614,-9.737993152537732e-05,1.1569023781569305,0.0005545878366893065,-1.2651090900690605,0.0008578554769796568,0.5180569904024779,0.07399809402853234,0.4228871932933964,6.690867743337161e-05,0.011506024116469555,0.22450775727265743,0.28874833781730125,-0.026254879653665988,-0.0023972836014702157,-5.34069823122363e-06,-0.5893546489451836,-0.05486531870213886,-0.00016482981280211036,-0.358557802252057,-0.008995360970607713,-0.00019653698523099269,0.021696179128312468,5.156302907841239e-06,-0.07747039750820144,5.471484271885822e-05,0.12300505561908524
0.0005315387462224223,0.0013979376154764614,0.0006436408233529046,0.00010570815919654143,0.0017950569225109398,-0.001184785136978376,2.0190131573934558,0.000282809525925771,-0.00041623326990797147,1.5630292886638948,-6.122542858991178e-05,-3.168951434516503e-05,0.2029153318460683,-0.001884223326777064,-1.860193707846813,-0.0024187770560584565,2.917781034577699,0.000745197294363,2.1830587164790383e-06,7.014481188421846e-05,8.004445137806438e-05,4.5407295137883975e-05,-0.00038020714645798016,3.515547255394641e-05,-0.09975894764018339,-0.0003397022973029847,3.818417657267735e-05,-0.08953073320162189,-0.00010355110010386282,1.1888920516207381e-05,-0.02774338185689123,-9.787577809946344e-05,0.010133943588113571,-8.371948429027131e-06,-12.062757074712325,7.181069367350092e-05,3.647666025379841e-05,0.00017176264402123356,9.043592816456555e-05,0.00039568965576871826,-0.00029183001204913787,-6.434869781558303e-05,-0.00010588916605122364,-0.000499004588751261,-0.00027955829267267885,-1.8612738028059413e-05,0.0006100413505004599,0.0005277005569865393,-1.3232872059594618,0.00012260324325511147,0.0002663102962273951,-1.418452986488235,-8.854592123183645e-05,1.4284575646182845e-05,-0.2414807418535187,-0.0008378023556416377,1.5549296800516894,0.0008619146983388705,1.8779563723194344,-0.00012134851834922421,-1.0552811057418419e-05,-6.167720814049713e-05,-3.468369497324043e-08,-5.887769039588344e-06,-0.00011590088521536585,-0.00013319372590016106,1.4151530831421971e-05,1.5296051767336824e-06,-0.0050552150741101105,0.0003457037295295125,4.502858577223949e-05,-0.27870811169147347,0.0001983117258226332,3.615182850201102e-05,-0.4814184992480158,-1.592145330480333e-05,0.007200341638315698,5.392639273869063e-05,0.05862056947032416,-7.152946173407202e-05
-0.6691630180221514,-1.68036860375643,-0.7243847982820721,-0.16221168883416714,-0.8920856798312577,2.47820392935638,0.0008621452674994165,0.667851833188362,1.3439881154346331,0.00027429512654086386,0.09734694503594898,0.20569062916399738,3.1143940093467776e-05,3.0737886039676185,-0.0014518030505507032,0.5279544406533372,0.0006744043924392965,1.5618770704436242,-0.007115535893559066,-0.23244337884618016,-0.27838854131664714,-0.16402915128644002,-0.047692369895545476,0.22403717612791402,-1.9495275835051295e-05,-0.036264785305906905,0.126866769085755,-2.850754730107877e-05,-0.012104959988207969,0.03328607766125603,-1.0121883034971668e-05,0.023141377041456263,-5.0573851292407205e-05,0.19674181095443677,7.181069367350092e-05,-12.406689476967014,0.0328082413911554,0.11077249272867618,-0.16557159802980911,-0.6728082081141359,3.017576817621693,0.5089121893298505,-0.21602404380675275,-0.9799280448239736,-0.5431313760183665,-0.15351852203662775,0.25003413364534266,1.9015671066593236,0.00022381778427667362,-0.6889473296561719,1.459056845947946,0.00010771532284903004,-0.11302041678227637,0.25715056658388535,1.3907648872664164e-05,-2.110053895602124,-0.0005152340953336226,0.5267919707864663,-0.00012009995449044873,1.9654976005080251,0.05407534186441349,0.247705707389678,-0.00011145274429172472,-0.018627682317952882,-0.35099380626526544,-0.3833897091778893,0.042126559845034384,0.005774573584457329,7.186413733328853e-06,0.9021349209487135,0.1861079611640532,0.00017919097638728848,0.3663763075375379,0.1925628421753369,0.00013049596388289982,-0.05807802071257263,-9.858672116406477e-06,0.11708269544503704,-6.951062716673837e-05,-0.19553090259625736
-0.7487271018887551,-2.8942828284265234,-3.5205313001938947,-2.234995701260673,0.19480194775779003,-3.7498050155264417,0.0002821848678986476,0.23245078354149723,-4.4099683022274245,0.0003281154455551962,0.08782204382101784,-1.6658405889445609,0.00012347459654929078,0.31854104427125157,0.0004318204472247072,1.6945190802645294,-1.498251166109631e-05,2.8747343372221943,-0.001025728572494276,-0.10760525471871082,-0.7836239580314094,-1.420550152947134,0.1433593777039247,-0.17359219831515335,-3.380683625972823e-05,1.2383383675157844,-1.5491632547083931,-0.0002847608855905746,1.3196181344076083,-1.682127976454893,-0.00029960959894292027,0.17803512604612204,-4.195166748500695e-05,0.10714164569650443,3.6476660253798454e-05,0.03280824139115529,-9.054302335399058,-5.599633041098222,-0.14382660926093416,-1.235534154634275,-0.00017086073701060977,-0.0845254268096093,-4.99329112301925e-06,-0.005471656740465647,-0.20271623732020427,-0.9501770824728099,0.013534222876613353,-0.004312375611386802,-5.25060887805455e-07,0.6350075770153668,-0.19984207820788377,-2.6136504161791022e-05,1.7629837415864271,-0.5613972532558605,-7.314074443938451e-05,0.004736044865643335,-1.8878289366227858e-07,0.004747388734011881,5.643020936254336e-07,-0.006634847297367904,-0.00896916420095116,-0.40474176470508466,-1.2732768038845842e-13,-1.1109477182668975e-08,-0.00028694629771661747,-0.07753072824107975,3.707651242605017e-08,-1.3734482123122852e-08,1.477633505714553e-12,0.0014369570928767983,-0.0005039632072586601,3.540313401099683e-08,0.27439538287786974,-0.09578696292418329,6.007018198372274e-06,6.494678724361786e-07,2.1326570836198852e-11,5.863574379023053e-07,-5.912616077508815e-11,-7.761906064935537e-07
-2.199583011681786,-5.2266295302215,-6.485575461694064,-5.000626392541048,-0.1925700871583166,-2.551069952998558,0.0002637413642156174,-0.3523492440023373,-4.3267801940897535,0.00042700017094814515,-0.19649812198325112,-2.741813915550673,0.0002534126320321095,-0.011424308481649877,0.00011277153300081373,0.5108778776947225,7.646891705848593e-05,0.5675094978552542,-0.3744675550792561,-1.446829950957633,-2.8522257178523485,-3.5900426930053793,0.8933737676530649,-1.1564703560826084,-0.00024214747683198238,2.6167735875673737,-3.299574841963676,-0.000685630622981086,2.576409007855904,-3.3119952207244197,-0.0006446464149980442,0.6960952595768526,-0.000193697182272617,0.46506269797168054,0.00017176264402123342,0.11077249272867595,-5.599633041098222,-7.749550756555758,-1.1964496965437872,-3.1973359606122886,-0.08855730620524442,-0.7068149028358547,-0.0850727433747899,-0.4264132007917505,-1.2316795415352857,-2.567684878183684,0.49087925922669223,-0.13716780743247778,-1.7124732259961137e-05,2.294618079463018,-0.5971080624550651,-8.243754403609507e-05,3.8681169109219375,-1.0506000320891895,-0.0001561053759895245,0.13583547898517656,-7.026013764350667e-06,0.17360405436904425,1.528474003498364e-05,-0.23802154499917705,-0.42547370813936036,-1.6363815972187872,-0.000881985431474868,-0.0055008476683021555,-0.05306198967074335,-0.46245099805829015,0.007426228566352828,-0.002740343152530938,3.123276716880174e-07,0.13903996202927885,-0.04790277937354476,6.011573764445595e-06,1.1887843996545646,-0.38146439792015097,3.7147835268665264e-05,0.012356661515129519,6.849209868717814e-07,0.011045621522263564,-1.798216286915737e-06,-0.01443498114341008
-0.7552847287432668,-2.8182856147686812,-3.3746212030740317,-2.1214675398780827,3.0599058565467137,1.9455410866017677,-0.0006645984938604045,3.5306602617835092,2.233351016772051,-0.0007678311845031303,1.321827760518637,0.8347409882910782,-0.0002876116448122199,-2.5084204792120954,0.000545027002401093,1.621584373943194,0.0008700052335095296,-1.195365602520041,-0.0009302317937759444,-0.09882222702687782,-0.7305099856019259,-1.3369346445867725,0.20716358615522748,-0.013268418059190159,-5.5633505237350906e-05,1.8542504226450718,-0.08254094029429979,-0.0004938712849107008,2.0190667217683074,-0.06868713767292141,-0.0005358103914100556,0.02281323133958141,-6.335155774954383e-06,0.09854921217159462,9.043592816456556e-05,-0.16557159802980928,-0.14382660926093416,-1.1964496965437872,-8.597805654736959,-5.298805250771135,-0.005227630304082811,-0.322441691382658,-4.961776233519644e-10,-4.998184222273637e-05,-0.024237040166657522,-0.47155043882590475,0.00016398810260983383,3.844880202846746e-05,-1.6035827653724133e-08,0.0983936373601793,0.021237791311254972,-1.0420790821930832e-05,1.1458170527256546,0.2553098407210473,-0.00012509103424111455,-2.113920027530538e-05,1.7255661104709916e-09,2.5873206393324673e-05,7.773839184493104e-09,-3.900551276165444e-05,-1.1488741171877295e-06,-0.012254566361541411,-3.3366972184567075e-18,-8.405096312195241e-12,-1.1557675988237728e-05,-0.021235992147178473,3.581987532133114e-11,2.2356738725838508e-12,-8.708328801029941e-16,7.07225306745897e-05,3.92833845243402e-06,-2.1731126405768397e-09,0.0908994504691294,0.0049254492775927,-3.4670187893378707e-06,-3.7425125238118147e-10,6.393221271109958e-16,1.5055287002536008e-09,7.102586060710949e-14,-2.5758914130402822e-09
-2.2046900435043972,-5.1571344848739775,-6.2826836494249845,-4.741707434364377,1.8665042649397592,1.4712602805754775,-0.00040878333676541375,3.1086439080348933,2.4068269113085057,-0.0006924343815503647,1.9667450216233089,1.463835927542343,-0.0004418206625417153,-0.4911602067986141,0.00010782706546816775,0.46114039719807165,0.00022921763685228888,-0.22778081894142188,-0.36470817300296654,-1.3735407635290022,-2.67519642429027,-3.3551536584759254,1.3708650698536549,-0.11888207836340364,-0.00039351240117489647,3.9389429838269825,-0.34700012352749526,-0.0011016319051803912,3.9303257087089367,-0.2587448389238995,-0.0010780896422305898,0.16006195167461365,-4.450617703663245e-05,0.42893182376918826,0.00039568965576871766,-0.672808208114135,-1.235534154634275,-3.1973359606122886,-5.298805250771135,-7.289966545159439,-0.348310241363133,-1.4766224276700046,-0.0059543375281108715,-0.05606800505109955,-0.3424404696529255,-1.4719586877677815,0.08446330709945409,0.023180041877612544,-7.503814404425333e-06,0.8534580449657163,0.20911127939351293,-7.7650310637931e-05,2.8859282981224705,0.6491016895616383,-0.0002934500269538444,-0.02945968067453295,1.9734751891888375e-06,0.03348258545422855,8.858921287683792e-06,-0.04809931719489506,-0.01075291746398472,-0.1958585405786731,-4.997962801604114e-05,-0.00043535590243966077,-0.008562174346866788,-0.18019206154372228,0.0006954730192826122,1.1716549902875982e-05,-1.3344088895438157e-08,0.028097216422224285,0.0013649863068824434,-3.150567174353821e-07,0.5661092766675626,0.03010133317917795,-1.2654012653520631e-05,-1.8681921571992365e-06,2.357923550476889e-08,0.001190689455333219,3.7072848683525514e-08,-0.0019966375973565673
-0.0008518065722521309,-0.10037064896047976,-0.7906252420028876,-1.4989253426526978,-0.14058743207596858,0.160199052219928,1.0542337686172703e-08,-1.3138480057771098,1.5520923235385915,-2.763699153900795e-05,-1.4653974241983543,1.7622894407052243,-4.6536493860051666e-05,0.1685722797005442,6.332740076271886e-07,0.1000815078683077,2.449031065299734e-06,0.02060419318069552,-0.7914219048779162,-3.14124122350707,-3.8040485977841723,-2.4082243857815926,-0.47529114083981094,4.026796381644276,-0.0016435138086831548,-0.5619568564767858,4.711864455593176,-0.0019125835523782961,-0.2123722812328587,1.774239430665158,-0.0007188534584293027,0.7220577284977344,0.002504437417594635,1.8256200409474896,-0.00029183001204913787,3.017576817621694,-0.00017086073701060977,-0.08855730620524441,-0.005227630304082811,-0.34831024136313304,-9.68946838143072,-6.0176415541303525,-0.0005186178670282714,-0.07585051437866991,-0.7009110499757158,-1.4469253895492633,0.09030908169568944,0.1379195987436932,-1.546423174308053e-05,1.002633048498835,1.5616307209865874,-0.00018499101869113582,1.2131612666860687,1.9244932053876602,-0.00023704534752626267,-0.11594012331774274,2.06055002933508e-05,0.07452879906716711,1.219527204883401e-05,0.0506322060744367,-0.00012507297643187952,-0.07886514684243254,-2.748158609456851e-06,-0.0005930074395182474,-0.06630215291506683,-0.6878948697587706,0.0012579737389519547,0.0007385192292345963,-2.603312878013886e-08,0.20991213546145063,0.12239929075850668,-3.48219666646058e-06,1.515700668290382,0.8883021537202588,-2.6258475283838902e-05,-0.008576412775114454,1.8816288818234005e-07,0.005718211324853666,2.821729663320765e-07,-0.004788723923587012
-0.3433602444841843,-1.3215980649698826,-2.7521334021598656,-3.7220187033630614,-0.9503069374286954,1.0198825388469293,1.3031611318509497e-05,-2.9799013147236635,3.0943024518420654,3.9537031784901104e-05,-3.161750588280068,3.330274948634917,-2.2305793361587303e-05,0.7222813297338005,-1.8758676350308922e-05,0.4474054499258667,4.855118376320965e-05,-0.00018077761002510684,-2.3163435330276583,-5.753582828602547,-7.14543030916375,-5.475432940043584,-0.40487552148458295,2.661602794320274,-0.001309356020019972,-0.7681614290389108,4.491477570336983,-0.0021609935210829146,-0.4980702078592441,2.827443729867455,-0.0013122087476513003,0.2042580723662417,0.000608951059061301,0.5619744037396956,-6.434869781558303e-05,0.5089121893298505,-0.0845254268096093,-0.7068149028358547,-0.322441691382658,-1.4766224276700046,-6.0176415541303525,-8.383795583306378,-0.3137773391822968,-1.277467333104041,-2.702200093698541,-3.7033726326013676,0.6910216954968315,1.1292424886722026,-0.00013253537115654094,2.359643186635657,3.4947364696792116,-0.0003860249015195395,2.575876769563683,3.7948003103207673,-0.000449300351076463,-0.583703433007137,0.00010968115081399387,0.4272253046706326,4.474603701212328e-05,0.23362306463434324,-0.07929942361476702,-0.6914840994043865,-0.08271713511828221,-0.2723316203397674,-0.8448951509808305,-2.180743902374589,0.23335689601060644,0.12100574226354724,-2.010900896107363e-06,1.3927385343272687,0.6928706007038934,-2.242068487134749e-06,3.570053473245918,1.820866366800248,-7.324925554053739e-06,-0.2325873065574382,5.460979653281068e-06,0.19307105879692077,-3.528730645788947e-06,-0.1931289454120369
-4.587751690517581e-15,-0.0003160152303000817,-0.14461625004167308,-0.7034923030153988,-0.0012505537295615754,-0.0001044245227343558,9.13745514658242e-08,-0.5312423343253404,-0.04464329228725735,3.868738940088278e-05,-1.3423281163165248,-0.11278428352788868,9.76647720081286e-05,-2.2670235175844884e-05,1.6573874211931064e-09,7.96037400072781e-05,2.008372938078155e-08,-0.000135978776202297,-8.788867044496575e-06,-0.24552676616616406,-1.324667888822055,-1.2640007546039735,-0.5080716190849901,-0.3262009771820618,-7.316008455892484e-05,-2.4849555153738225,-1.5947719697080034,-0.0003577123154604047,-1.2307207802805364,-0.7895962865678038,-0.0001771606625259561,-0.4720166339955936,-6.798405117818771e-05,0.29975661220777805,-0.00010588916605122347,-0.2160240438067524,-4.993291123019249e-06,-0.08507274337478997,-4.961776233519646e-10,-0.005954337528110873,-0.0005186178670282715,-0.31377733918229667,-42.1988058557895,-4.175430798380932,-4.735460595748616,-1.7701596058267846,-0.03475447823791858,0.08198340053109122,-1.5408610415745516e-05,-0.005838535268559524,0.013772707851718179,-2.588550875492866e-06,-0.001176685104088947,0.002775721725061805,-5.216907650215653e-07,0.005419069110503202,1.1518355742264145e-06,0.014740470357239799,-5.142320345841416e-06,-0.012075327295729243,-0.718445854733154,-2.2880684687515034,-5.5866219637931835e-05,-0.18758458453979973,-1.7241705956275912,-1.8659361512258814,0.43096658108074515,-0.1825400127417482,6.989641789442825e-05,3.603990336262621,-1.5267074248233332,0.0005845496245121469,2.2418533163500998,-0.9494601054383824,0.0003635853645555993,1.5575032576906842,0.0002526482641640753,1.2518493784191849,-0.0005963166413478,-1.5080847713328436
-0.0002993544663099407,-0.05065706393317275,-0.6934161236602603,-2.1482472036849414,-0.11360774006958091,-0.005074109228270442,9.930283794756172e-06,-1.9927055020881144,-0.13254108130616776,0.00015420105856300131,-3.8266055238288557,-0.27334204786533256,0.00027723234130079435,-0.006322304565079606,-1.013163864154265e-07,0.04805554834232388,1.4791719744790209e-05,-0.08115190953448728,-0.24169448201883062,-1.9376446024297789,-3.97576102873731,-3.7335976132216144,-2.4517164413171697,-1.576625681066337,-0.0003689278042445785,-5.823603005935387,-3.6562707499601226,-0.0008631370616965364,-3.405330702574356,-2.1016287650681695,-0.0005022639565068267,-2.1339165169270657,-0.00032227265741022497,1.3680982142259075,-0.0004990045887512606,-0.979928044823972,-0.005471656740465647,-0.42641320079175093,-4.998184222273637e-05,-0.056068005051099545,-0.07585051437866992,-1.2774673331040405,-4.175430798380932,-13.762569689656555,-10.643817361276408,-5.0903110617882295,-0.24341453186814233,0.5917031462434927,-0.00011011145478840979,-0.14506589692136984,0.4243378245917447,-7.524563024351649e-05,-0.035622580754537336,0.12498785040100338,-2.1388499534425417e-05,0.16831178491791085,3.607074462309414e-05,0.4688658116022033,-0.00016355405637239032,-0.3866157212217436,-3.020382837962258,-5.791096561245336,-0.7841226447127104,-2.686565866740972,-5.183395800776589,-5.269731896746256,2.9074116692422187,-1.2075723520386679,0.0004678005240224772,7.300661387998174,-2.9807149942056954,0.0011675685408580154,5.476906817451019,-2.2050824299201226,0.0008718282269215591,2.6266991199613043,0.00042237954955535604,2.165018258797571,-0.001026080351949072,-2.6505711202601634
-0.13581183300066013,-0.6652646331853472,-1.8692225768250612,-3.648977225398672,-0.8169701522211184,-0.019994479397272273,7.825795261946712e-05,-3.5851130913590095,-0.12350783198976328,0.00031672150898820776,-5.604241017216772,-0.2972492095503033,0.00042240942524032516,0.0013452807573951346,-8.28975848797493e-06,0.28837214418530854,0.00010163502986081117,-0.46761135742256876,-1.3015210748232966,-3.907248809628974,-6.087949124695765,-5.892007819833666,-2.5376876715738184,-1.7189255719273646,-0.0004501108832465399,-5.936879778802455,-3.7955196007006373,-0.0009779805753450557,-4.581249767375,-2.7965880745325618,-0.0007241866843706187,-1.138689253779356,-0.00020384540758446832,0.8145600967708844,-0.00027955829267267885,-0.5431313760183674,-0.20271623732020425,-1.2316795415352861,-0.024237040166657526,-0.3424404696529255,-0.7009110499757158,-2.702200093698541,-4.735460595748616,-10.643817361276406,-11.673686740086893,-7.600540652746047,-0.2085861856619453,0.5881010494026251,-0.00010525955333942085,-0.029991159836359804,0.8447083858161986,-0.00012802238105884012,0.09510647327522981,0.37880152426822955,-5.3720939180273164e-05,0.17505539893968142,3.865567939036924e-05,0.529315533284203,-0.00018382877661518454,-0.4414413405062705,-3.762250906885638,-7.213114489498978,-1.8772218492891843,-4.308310710418999,-6.890412051493001,-7.44650192163822,2.1576000793051042,-0.8675955598740699,0.0003425001424749857,6.160386809468837,-2.3896822860098212,0.0009654325238679026,6.3449263084186756,-2.3398016542460383,0.0009757803591949228,1.1225348417900844,0.0001794376758701746,0.9680988633164613,-0.0004533891676256378,-1.201207345155776
-0.6570824753538176,-1.9316063369812146,-3.377511995865818,-5.06146014185957,-0.9089623965701545,0.016231197246790344,0.00010228855202491854,-3.0285945199603264,0.023245030318092483,0.000306109560044182,-5.201938101862189,-0.1412807720222432,0.00041114850624337384,0.07006196218747154,-1.8512614459018584e-05,0.19191637570164755,8.945646426607532e-05,-0.24226046230617637,-1.2405474924429951,-3.6227274401512393,-5.803014888550735,-6.951464032303395,-0.7582416606370233,-0.64743629102365,-0.0002320697515579621,-2.4842628052557574,-1.8522135733479272,-0.0006115153160300877,-3.439238075672422,-2.245152182994966,-0.0006845987780381633,-0.13786625816079529,-5.0600071047744006e-05,0.24910912660576834,-1.861273802805922e-05,-0.15351852203662686,-0.9501770824728099,-2.567684878183684,-0.47155043882590486,-1.4719586877677817,-1.4469253895492638,-3.7033726326013676,-1.7701596058267846,-5.0903110617882295,-7.600540652746048,-8.045829103367325,-0.09824284890394575,0.325750050291542,-5.639728114691633e-05,0.1866590702043539,0.7434482415017173,-0.00010543446952212938,0.4948889383891919,0.5630034236598801,-8.449867934400003e-05,0.09280052054942452,2.1044718188352085e-05,0.30030335123727747,-0.00010378093234437747,-0.2520770787921003,-2.4246869288978847,-5.552180245174629,-1.306777493254529,-3.0328073636034336,-5.133940239233282,-6.862083494379421,0.6161824140443861,-0.22594880842271606,9.424351641327607e-05,2.3601670877970653,-0.7994579071928263,0.00035081893836174505,3.9279257981945923,-1.182201827557771,0.0005529893825486049,0.24004713099916952,3.864555325699016e-05,0.22977946881512068,-0.00010446874494619803,-0.2863324944159231
0.0011833990041936822,0.11277135479580783,0.8139672686222663,0.7865747747253836,0.23547151120697035,0.011492003975327644,-2.2319625057511908e-05,1.9602583094903798,0.14672625449543192,-0.0001893224572164597,0.5494538038355146,0.09585630620751166,-0.00011452763962450622,0.015953452988330577,5.319274165923129e-08,-0.10867190836094068,-3.575683442197598e-05,0.18302056193858332,0.4999095207346027,2.4345919965915583,2.49396108107274,0.6642879149691906,2.396239365326171,2.184827041677151,0.000507791795150832,1.1016465459546145,2.3148017193774026,0.0005191555787114735,-0.9015706955768308,0.37653095617424814,6.518974149012112e-05,2.6382164003887834,0.0005283396968635208,-1.4658092068112156,0.0006100413505004596,0.2500341336453413,0.013534222876613353,0.4908792592266924,0.00016398810260983383,0.08446330709945404,0.09030908169568945,0.691021695496831,-0.03475447823791857,-0.24341453186814233,-0.2085861856619451,-0.09824284890394569,-14.732925987584519,0.11268324218612655,-0.00011217691028610008,-7.3568149126785185,0.0871317555462212,-0.00010673413855749676,-2.0551996435055218,0.02318497582661292,-3.372646638534659e-05,0.7948449318375579,5.850674848108412e-05,0.19115025832419102,-0.00015432951819456842,-0.30919683683533605,0.5532156797394214,0.3664274769316689,-1.5237187990260763,-3.9807785281863,-4.381891595039362,-1.8169873704768245,3.5106316157805053,-1.9928481318048208,0.0007690904040350383,2.6630253619960644,-2.547367694651529,0.0009755872920712714,-0.8748088071209159,-0.7174006647994189,0.0002567307389123181,3.3136342873471194,0.000743670278701778,1.951686156981113,-0.001280653900870936,-1.4424470086488586
0.0001021325720756195,0.014127976736370326,0.11506450507424394,0.20011270073539028,0.031737852494029335,-0.020701727672185328,-3.6267605612979414e-06,0.32006905174468026,-0.3898026483663848,-3.054042660306943e-05,0.3519493957656093,-0.765213841704675,-2.7045084185412184e-05,-0.029809512796095117,3.024239097698154e-06,-0.014252273072707405,-5.9320712422099574e-06,0.026577932551831603,0.32123551712570003,1.5744163769088424,1.7400848186170004,0.667297070340943,2.196394285637797,0.4429869364363598,0.0003293108420750638,2.574463934295163,-0.7808920866272542,0.0003816359066818093,0.6114024684567233,-0.9914114523653288,9.109943469138738e-05,0.93467381635886,0.00013883950783852774,-0.9547033723161352,0.0005277005569865389,1.901567106659321,-0.0043123756113868025,-0.1371678074324779,3.8448802028467465e-05,0.02318004187761254,0.1379195987436932,1.1292424886722014,0.08198340053109121,0.5917031462434927,0.5881010494026249,0.325750050291542,0.11268324218612655,-14.199998471357382,2.4370815635078194e-05,0.0871317555462212,-6.8300438019303975,2.0617463431273767e-05,0.02318497582661292,-1.8838425590187302,6.005485441560713e-06,-0.1315434763652568,-7.810583758017018e-05,-0.33986541649898216,5.850674848108412e-05,-0.2064484518901497,-3.9121884318508338,-2.7075019111209526,0.6477830450423261,1.713336156585009,1.9986944463757848,1.0052387887186465,-2.057167910923739,-0.4065345244933777,-0.00033127368054411985,-2.844838216247884,-2.2638004139632026,-0.00045497425831107026,-1.001302684772865,-2.098351294071331,-0.00015834698217232876,1.138633469673941,0.00018258942289446425,-0.8898475850020496,0.0007792574235852876,3.308961948108787
-8.560171946460448e-08,-6.5819978291853404e-06,-4.8993139646470064e-05,-6.392260029841009e-05,-1.5031113454021387e-05,-1.5321484451659793e-06,-0.019758043584771397,-0.00015030057485382046,-1.4590594276962205e-05,-0.38778044379185456,-0.00012714760601691068,-9.443806989780163e-06,-0.7551255573247904,-2.4244671641021324e-06,-0.0016215281656347944,1.011455766548592e-05,-0.028201161542205738,-1.2842161213395006e-05,7.143766060007781e-05,0.00033494026079023233,0.0003242918583739765,6.256251296251767e-05,0.0004684215486136349,0.0003023110502220869,-0.9604912335773131,0.00045341942712822574,0.00030200642764275504,-2.3475572555185575,3.294128951189531e-05,3.658474498567637e-05,-1.3145043750886005,0.0004908141050151282,-0.8541032821242319,-0.0005423295154889081,-1.3232872059594607,0.00022381778427667313,-5.25060887805455e-07,-1.712473225996115e-05,-1.6035827653724127e-08,-7.503814404425332e-06,-1.546423174308053e-05,-0.00013253537115654084,-1.5408610415745516e-05,-0.00011011145478840979,-0.00010525955333942082,-5.6397281146916324e-05,-0.00011217691028610008,2.4370815635078194e-05,-13.908665486621354,-0.00010673413855749676,2.0617463431273767e-05,-6.553722093539695,-3.372646638534659e-05,6.005485441560713e-06,-1.7958757845573345,5.850674848108412e-05,0.41262921461591245,-5.790586501087385e-05,-0.10965835390317821,-3.8111840307199124e-05,9.527283894900278e-05,3.2991919317593205e-05,-0.00024748042785609626,-0.0006497718075764467,-0.0007317027564040792,-0.0003285780661062089,0.0007790100896040124,-0.00032504421542873944,-1.259962736066338,0.0010194236461925014,-0.0004252965448740772,-3.3850285147289636,0.00029755335503449783,-0.00012959196694631547,-2.4339365444468966,0.0007548958958961452,-1.2971893168388455,0.0011968072404939677,3.1266618631160874,-0.0007503784860042762
0.49849476170865736,1.882081363691452,3.4592748527774413,2.7525389131883378,1.9607109818846382,0.07815927409562834,-0.00021577580526191872,4.764204292919933,0.203092153166381,-0.0005694102229945056,1.407377979879334,0.16909238064470355,-0.00034370863027047006,0.010830317998798009,1.7199247164193798e-05,-0.620410182932972,-0.0002546316714118076,0.9856645324734457,2.4398059567107113,5.658575476904605,5.766528513686705,2.3354224267377885,1.206169921023471,2.507832702807779,0.0006689883604538125,-0.4174241013409443,3.3099029706131553,0.0008440254142460447,-2.683373621903776,1.030826215665845,0.00022045429894324256,0.5978068666595013,0.00031231890154417505,-0.3500268256288832,0.00012260324325511144,-0.6889473296561719,0.6350075770153668,2.2946180794630195,0.0983936373601793,0.8534580449657162,1.002633048498835,2.359643186635656,-0.005838535268559524,-0.14506589692136984,-0.029991159836359804,0.1866590702043539,-7.3568149126785185,0.0871317555462212,-0.00010673413855749676,-10.934436803350922,0.04105673018063699,-0.00020739479655690687,-5.660173910956549,-0.025054416833918763,-8.842326359153807e-05,0.7350502985322461,6.438622908289753e-05,0.15463844601171006,-0.00013679825764515143,-0.25383350483412087,0.6903069368614565,0.8055442281046261,-3.187148763862853,-6.258760469763169,-6.987203811715782,-3.848261253506478,1.0405010136824986,-1.2335569085346116,0.0004850181612482996,0.10260735471301333,-2.1619787286070435,0.0008399573787502156,-3.095199428021039,-1.1250728212394518,0.00038042756421522063,0.48015074859967705,0.0002028973118628792,-0.06196395001050359,-0.00019515656157159992,0.643270163149515
0.04257841491632698,0.199697398782498,0.4742345600578397,0.583483609796445,0.26405945939883496,-0.38338321687866406,-3.200856203299661e-05,0.8840902365926577,-1.588859800167432,-0.00010886174820558503,0.8410047032614569,-2.35284647028757,-7.878913727392921e-05,-0.4397238859401491,4.5364090993548526e-05,-0.09261715728869838,-4.6542675330505e-05,0.18304226902131426,1.5674188549162527,3.583201937174595,3.7363191614872,1.8007506330630283,2.3429441005840097,-0.7701782762385714,0.00041796131642971967,3.358376712631038,-2.8031533304395273,0.0005641923279316804,1.3224880674075998,-2.9616548412869594,0.00021630255847478012,-0.382598509431514,-7.789064583187545e-05,-0.19148144113793464,0.00026631029622739506,1.4590568459479465,-0.19984207820788383,-0.5971080624550656,0.021237791311254972,0.20911127939351293,1.5616307209865874,3.4947364696792116,0.013772707851718179,0.4243378245917447,0.8447083858161986,0.7434482415017173,0.0871317555462212,-6.8300438019303975,2.0617463431273767e-05,0.04105673018063699,-9.69204084023135,2.795999123150327e-05,-0.025054416833918763,-4.961652650932354,1.0951758392816961e-05,-0.06689504909823009,-5.753434207915662e-05,-0.2982550847957347,6.438622908289753e-05,-0.0934256797563035,-4.759733088977362,-4.6190557462977555,1.3549113694182497,2.687370632287666,3.1494697625728043,2.1389061496021706,-1.318316728916347,-1.4862694687927074,-0.00020895460692165236,-2.554517634025753,-4.288585150953176,-0.00039653644022724286,-1.7383854747490037,-4.897129395467701,-0.0002606423915738867,1.456864267054213,0.0002290120145252137,-0.024301014597089665,0.00022565608589717354,1.4023229014599647
-3.623320922559035e-05,-0.000122129728926168,-0.0001968952934184435,-0.00017361546689242363,-0.00014533487310522744,-1.2477129193304127e-05,-0.365644310405184,-0.00036090917975482135,-4.151707977632132e-05,-1.496978916954232,-0.0002917172234265905,-2.5387347151630833e-05,-2.258358093943504,-1.3672044819426128e-05,-0.018303543740950896,9.177780933346404e-05,-0.40812838224757275,-8.564877110543985e-05,0.0003485436094389973,0.0007525227665350239,0.0007042904122872681,0.0002068144774260722,0.0005049342467433556,0.0003360841574790692,-2.308873152185524,0.0006044923076813376,0.00040307082728984205,-4.810726941569287,9.421328400055596e-05,9.313491319723922e-05,-3.6209589037386505,0.0002351004280780913,-0.9644872445113686,-0.0004444593553693672,-1.4184529864882345,0.00010771532284903026,-2.613650416179102e-05,-8.24375440360951e-05,-1.0420790821930832e-05,-7.7650310637931e-05,-0.00018499101869113582,-0.0003860249015195395,-2.588550875492866e-06,-7.524563024351649e-05,-0.00012802238105884012,-0.00010543446952212938,-0.00010673413855749676,2.0617463431273767e-05,-6.553722093539695,-0.00020739479655690687,2.795999123150327e-05,-9.106408600867278,-8.842326359153807e-05,1.0951758392816961e-05,-4.668225590516347,6.438622908289753e-05,0.31188301780657335,-3.432283891802885e-05,-0.052886908636572263,-3.9631957782997404e-05,0.00011771898621668216,7.206894397561307e-05,-0.0005176451626802841,-0.0010207736332662363,-0.0011622546846405523,-0.00070200187467125,0.0004985566767397946,-0.00020094371797379975,-2.0110049431884947,0.0009000792719959271,-0.00035834117584507556,-5.193654868485542,0.000474309553677541,-0.00020094221718574624,-5.340012795198157,0.00020779848136404935,-0.791417001135742,0.0005429764040067374,1.995256174876252,-0.00022325551289342
1.2521450821628182,3.363858004498967,4.942321601090256,4.517005183852736,0.8527988882478439,-0.005120682995840193,-0.00016362214463345144,1.9170870748526485,0.015256998676673943,-0.0003985260837701502,0.2330460743905345,0.12192924578455519,-0.00035370797694787024,-0.08873246766634028,2.2745853897722512e-05,-0.1553072994771978,-0.00011102707842240269,0.1160025993601379,1.2068063694842504,3.2615065273014814,4.418244511645406,3.3696877202985744,-0.7588392436695058,0.5766121180966964,0.00021794202292291904,-2.5669647331665475,1.3229916419629124,0.00046231138101676715,-4.351593750758103,1.0415385633971312,0.0003100023112140149,-0.16554089899614227,5.211431484871657e-05,-0.0768943733398828,-8.854592123183653e-05,-0.11302041678227637,1.7629837415864271,3.8681169109219375,1.1458170527256546,2.8859282981224696,1.2131612666860687,2.5758767695636817,-0.001176685104088947,-0.035622580754537336,0.09510647327522981,0.4948889383891917,-2.0551996435055218,0.02318497582661292,-3.372646638534659e-05,-5.660173910956549,-0.025054416833918763,-8.842326359153807e-05,-6.8966414492168235,-0.07977735845890971,-3.9841657296802985e-05,0.22394205725368033,2.030696616069608e-05,0.042305609715071066,-4.034200763347951e-05,-0.07098219964820456,0.26705730264564476,0.5680102172743055,-1.140641352854523,-2.48681705623196,-3.5506892774158754,-3.1885100133495383,-0.3247213331779113,-0.17107515652197883,7.096613954552707e-05,-1.4663832831868298,-0.46913973701281103,0.00019097297895042742,-3.7687287380817365,-0.5338894818560531,0.00018235252039357837,0.003397041085182284,1.9953225667914345e-05,-0.07609315895529534,-3.1142563557563472e-06,0.19018230020101412
0.1068291039452626,0.3223694019388666,0.5621582537938374,0.6834075406953761,0.174147892715723,-0.7091807453304395,-2.377369738399659e-05,0.5533554049811329,-2.2285457763894154,-7.390353900541245e-05,0.6982210002758529,-3.7866705389887354,-6.696570109320093e-05,-0.3105088399394774,3.7972181914630625e-05,-0.042717970410904915,-2.737738000402145e-05,0.06584961023414532,0.7751592699832982,2.038419582981184,2.714268807260777,2.13679621676027,0.42041914540820996,-0.9733382893810227,0.00012673198015848713,1.0747456110354396,-2.934444948213037,0.0002626487585664696,1.0103924865996612,-4.473023228472619,0.00020308893000979344,-0.18062134007863834,-5.946672482573192e-05,-0.006537901058666806,1.4284575646182744e-05,0.2571505665838847,-0.5613972532558605,-1.0506000320891897,0.2553098407210473,0.6491016895616382,1.9244932053876602,3.794800310320767,0.002775721725061805,0.12498785040100338,0.37880152426822955,0.5630034236598799,0.02318497582661292,-1.8838425590187302,6.005485441560713e-06,-0.025054416833918763,-4.961652650932354,1.0951758392816961e-05,-0.07977735845890971,-6.060611730345704,9.489627174903622e-06,-0.013652250254552793,-1.6201013150075456e-05,-0.09024010051323561,2.030696616069608e-05,-0.02225808127906473,-1.8250523050040584,-2.933429105235054,0.4849051553752325,1.067105427263684,1.5907845063813357,1.7055013900182638,-0.20254436152346986,-0.7171224002730532,-3.075993649841938e-05,-0.6475388952119345,-2.5519952732381315,-9.363772075428418e-05,-0.9608182049094791,-4.660758003674124,-0.00012978236656053512,0.29314419937382186,4.358942740846024e-05,0.014471563072369853,2.4992437269405008e-05,0.19426083968094876
-9.106889006255394e-05,-0.00023105710759203793,-0.0003168949670134785,-0.000297474104090791,-9.446713403480158e-05,-4.834900267161103e-06,-0.6762374042829042,-0.0002347530072914779,-2.0773232116919746e-05,-2.106202813084605,-0.000292516532390997,-1.9755091559091634e-05,-3.6590694067755236,-2.9928767878509767e-06,-0.0004061233306561538,4.893585896238961e-05,-0.2789890602343141,-2.1022279562970636e-05,0.00017232231756952404,0.0004220924928684093,0.000505453912975934,0.00029412964339565155,9.738712249149515e-05,7.159922314536145e-05,-1.2833414830200935,0.00021310577654500048,0.00013795351599962645,-3.590293448076652,0.00012366714197238848,8.764817332483545e-05,-4.987719856040707,2.1962608266873577e-05,-0.2002996430008078,-9.73799315253771e-05,-0.24148074185351806,1.390764887266411e-05,-7.314074443938451e-05,-0.00015610537598952448,-0.00012509103424111458,-0.0002934500269538443,-0.00023704534752626261,-0.00044930035107646285,-5.216907650215653e-07,-2.1388499534425417e-05,-5.3720939180273164e-05,-8.449867934400004e-05,-3.372646638534659e-05,6.005485441560713e-06,-1.7958757845573345,-8.842326359153807e-05,1.0951758392816961e-05,-4.668225590516347,-3.9841657296802985e-05,9.489627174903622e-06,-5.802623085518458,2.030696616069608e-05,0.08989969956369863,-9.259056004971427e-06,-0.011358984431074757,-1.2070497241702026e-05,4.531607775279604e-05,5.2399953456735084e-05,-0.00018525877297378496,-0.0004055060658357098,-0.0005896554330643402,-0.0005788691372311672,7.606626972121665e-05,-2.7816976490569596e-05,-0.7888296438766726,0.00021941824646400516,-7.675543752352736e-05,-2.7292524547644934,0.00025675307742482347,-9.207020394076006e-05,-4.82005724418265,2.024708409916082e-05,-0.12130289960764251,7.990900311473506e-05,0.34306722108893567,-2.552057703956973e-05
-2.2797334406531527e-05,-0.020394340769980923,-0.13791682054953086,-0.06961609414937658,-0.0491198196853896,0.028547814675322115,5.538744802937079e-06,-0.34033849124833215,0.416471949484072,3.975460887121114e-05,-0.014902823870774635,0.25859503341961704,1.7083122058714836e-05,0.03878445860013566,-3.937954183772852e-06,0.02166955654536022,8.86297871848006e-06,-0.041028097335157096,-0.46499712526831755,-2.1200053567874795,-1.0994665524960998,-0.08490957140191521,-2.628125469371977,-0.9255568002518957,-0.0005177427117381523,-0.5163024027353034,0.40228463434075223,-0.00022197313954834167,0.23549284287914643,0.18679580049172115,4.345053850544699e-06,-1.7546935573970617,-0.0003314307346390473,1.1569023781569305,-0.0008378023556416377,-2.1100538956021264,0.004736044865643334,0.13583547898517664,-2.1139200275305358e-05,-0.029459680674532952,-0.11594012331774266,-0.5837034330071368,0.005419069110503203,0.16831178491791085,0.17505539893968142,0.09280052054942453,0.7948449318375579,-0.1315434763652568,5.850674848108412e-05,0.7350502985322463,-0.06689504909823003,6.438622908289755e-05,0.22394205725368033,-0.013652250254552793,2.030696616069608e-05,-12.991626049414029,-0.00011542455606355245,-0.16644321843152296,6.184898272379875e-05,0.10934949834340049,0.8559761203131351,0.253353326087366,1.4221513787959938,3.103380218830093,1.9161918037874213,0.48293355282502193,-3.55228102455889,-0.421791406763407,-0.0007350476081721927,-1.2571017552777142,-1.7183932882593917,-0.0004105498114678239,0.12836452371426857,-0.5705554655126778,-4.739411572506581e-05,1.2802427042700208,0.0002833212123504255,-0.3750982766216011,0.0010983987556820345,3.727122948784809
1.6292035093451114e-09,6.423364602743858e-07,2.858598697511854e-06,5.363223255344059e-06,1.8092512132540611e-06,-1.4410764970531124e-06,0.003106165302176775,1.2631397973031286e-05,-2.5150890228184617e-05,0.052582106160239124,1.7635003178317953e-05,-1.945309729100779e-05,0.05740515787762733,-2.0522301803190987e-06,-0.002121538415306866,-1.3251569618716298e-06,0.004304090519773963,2.0173686686744845e-06,-6.645623867492421e-05,-0.0002928374314037582,-0.00014208530486182789,-3.5275072261625607e-06,-0.0004857081178986412,-0.0001290584080884615,0.8542583223243272,-0.00019130298377812832,5.408739647479239e-05,0.9766103213372579,1.2844684368743316e-05,2.1116060209638452e-05,0.20405108264552493,-0.00031347438884411874,0.47676661525496583,0.0005545878366893064,1.554929680051689,-0.0005152340953336228,-1.8878289366227848e-07,-7.02601376435067e-06,1.7255661104709905e-09,1.9734751891888387e-06,2.060550029335078e-05,0.00010968115081399384,1.1518355742264153e-06,3.607074462309414e-05,3.865567939036924e-05,2.1044718188352092e-05,5.850674848108412e-05,-7.810583758017018e-05,0.41262921461591245,6.438622908289755e-05,-5.753434207915664e-05,0.31188301780657346,2.030696616069608e-05,-1.6201013150075456e-05,0.08989969956369863,-0.00011542455606355245,-12.154219275589996,-7.427031089611381e-06,0.06571124232464744,2.299301756412932e-06,0.0001488468330854495,3.238864958044549e-05,0.00023098577043354672,0.0005067423695105556,0.00032056568659814437,8.722827466955407e-05,-0.0007434593545312231,-6.905016105139e-05,1.000827067120742,-0.0004310116371998609,-0.00028862805915762436,1.2842034243985565,-5.811780755930974e-05,-0.00010497249194718177,0.41224171945403937,0.00028881100712855766,-0.47867713565687253,-0.0007468175588458155,-2.439116764501724,0.0010119587969969022
7.589971225829992e-05,0.04784245963223318,0.2796956987364975,0.19413385037635433,0.10874192998158017,0.004451538666971344,-1.2821402726292832e-05,0.6020826405628243,0.018122448277294437,-0.0001022419912890639,0.19849463414872526,-0.020264852872040023,-5.1248457529820584e-05,0.006610092421932906,-2.9330737082145193e-07,-0.052356337230039414,-2.0012241911274786e-05,0.08469977269085162,0.2951884995424181,1.3577016019024217,0.8134037893770647,0.273825145788515,1.461913790320816,0.9443868598595642,0.0005430521132498985,0.3783165247831004,0.18558609635420087,0.00039078449912718184,0.13039869363753542,0.01583327381883648,6.428663146536815e-05,1.154697111605674,0.0005570098338714453,-1.26510909006906,0.0008619146983388705,0.5267919707864654,0.00474738873401188,0.17360405436904436,2.5873206393324656e-05,0.03348258545422855,0.07452879906716707,0.4272253046706326,0.01474047035724002,0.4688658116022033,0.529315533284203,0.3003033512372779,0.19115025832419102,-0.33986541649898216,-5.790586501087385e-05,0.15463844601170998,-0.29825508479573487,-3.432283891802887e-05,0.042305609715071066,-0.09024010051323561,-9.259056004971427e-06,-0.16644321843152296,-7.427031089611376e-06,-12.373628824177807,1.5846102096341198e-05,0.34557519885250554,1.7975080972742985,0.6059495793395153,1.1402053542111035,2.4721909908433446,1.5545777635926035,0.5256957469484549,-2.2837532010401516,0.9428666022414162,-0.001024075491766873,-0.4828941754157725,0.13008618137697425,-0.0008781204714320305,-0.021336247479031734,-0.06698453971422347,-0.0002260230727827399,-0.300059212053686,-0.0007096780147111311,-1.7737932788015036,0.0017215215393080738,0.3750283845620217
1.8766009902705882e-08,9.395597352268618e-06,4.6799957407179364e-05,-1.5186351091379522e-05,2.3261371318706773e-05,2.488104861618698e-06,0.02821293628200531,0.00012227864492758646,1.6824178642162996e-05,0.4155022019885872,-5.2546229670845596e-05,4.862232654938599e-06,0.25009104829736467,3.961678441209878e-06,0.002557703715436709,-1.5309509989660107e-05,0.03818739755677159,1.9890350739022106e-05,-0.00010339549868972861,-0.00045451134060937203,-0.0002500140317612102,-8.299568330994963e-05,-0.0005687153659109973,-0.0004858071045108534,1.3178450134594009,-0.00018465468978024938,-0.0002274700140602975,1.4030309248471349,-6.435710700496704e-05,-3.601757905382734e-05,0.2197617054162599,-0.0007914165498735351,1.5502511257747082,0.0008578554769796571,1.8779563723194344,-0.00012009995449044877,5.643020936254334e-07,1.5284740034983642e-05,7.773839184493097e-09,8.858921287683792e-06,1.2195272048834002e-05,4.4746037012123247e-05,-5.142320345841418e-06,-0.00016355405637239032,-0.00018382877661518454,-0.00010378093234437747,-0.00015432951819456842,5.850674848108412e-05,-0.10965835390317821,-0.00013679825764515143,6.438622908289755e-05,-0.052886908636572326,-4.034200763347951e-05,2.030696616069608e-05,-0.011358984431074757,6.184898272379875e-05,0.06571124232464744,1.584610209634119e-05,-12.54111171435181,-0.00014429245553626956,-2.8102312515827276e-05,-7.232744189859386e-05,-0.0005433195001950282,-0.0011784769844348216,-0.0007304350209139624,-0.00022222977749081912,0.0013487194612533924,-0.0007253404131754719,-2.3258146051042945,0.0005058548384221359,-0.00040886396818966194,-2.7893938097760187,3.732985900045481e-05,-6.68935600250678e-05,-0.7338700339382388,0.0010764654174011366,-2.3409878052409985,0.0016975929263236898,4.1113587735157076,-0.0005206604216872304
-0.00012943608435072733,-0.07876936141068952,-0.437016405029154,-0.21416926877777653,-0.17823653176613422,-0.01497668495129943,1.709723598381489e-05,-0.9091622227589142,-0.13644243047375174,0.0001060676795527148,-0.1292325862279835,-0.06341434797220213,2.845513611857912e-05,-0.021707371935590056,1.2939574464185256e-06,0.08237482303625,2.7153055768107545e-05,-0.14145820080211874,-0.2123904156471482,-0.9631717624710046,-0.5363358616739395,-0.19267809612107678,-0.23771803712326545,-1.8854499487908638,-0.00023499966536241838,0.6625786524244228,-1.464402774730283,-0.00011515548831881792,0.02941167215853424,-0.2783910600118664,-3.032948232086478e-05,-2.1042020349878614,-0.0005479208879863054,0.5180569904024788,-0.00012134851834922408,1.9654976005080247,-0.006634847297367903,-0.23802154499917727,-3.900551276165442e-05,-0.04809931719489505,0.05063220607443669,0.23362306463434335,-0.012075327295729466,-0.3866157212217436,-0.4414413405062705,-0.2520770787921003,-0.30919683683533605,-0.2064484518901497,-3.8111840307199124e-05,-0.25383350483412087,-0.09342567975630373,-3.963195778299739e-05,-0.07098219964820456,-0.02225808127906473,-1.2070497241702026e-05,0.10934949834340049,2.299301756412934e-06,0.3455751988525062,-0.00014429245553626953,-12.973505025895955,2.9261239089750894,0.47473378480755857,-1.3702728002898383,-2.9414901178367203,-1.7534948808704791,-0.5035963961358312,1.987167558351275,-2.816394719969916,0.0006970672662644491,-0.5063755535578123,-2.257515368075949,0.000370333682238186,-0.37201059396743474,-0.5435828127968321,5.7994566613257846e-05,3.72234150429965,0.0009782573399295176,0.2765393781404992,-0.0004871134192207643,1.582102160000082
-6.959005608879414e-06,-0.006731115207593733,-0.23341108758530343,-1.0538423200654703,-0.015275733594749596,-0.008174777769918882,1.4129509556250958e-06,-0.6717515831332984,-0.35617342064720287,6.018777689204863e-05,-1.7964269438709064,-0.9567217443632514,0.00015969093309847073,-0.008431239711876733,7.78084872954142e-07,0.005892738518317187,1.4817737508431023e-06,-0.005595111556762463,-0.0005046310240063836,-0.07537239626261863,-0.7054321536526064,-1.4651031806586257,-0.08754107055161757,-0.138767007176956,-1.2557897497736462e-05,-0.9834578286726184,-1.5920618498280832,-0.00013891052116466796,-1.1961571536324422,-1.972633456257751,-0.00016804947589160155,-0.11330449490279705,-1.6362798212255767e-05,0.07399809402853237,-1.0552811057418427e-05,0.054075341864413505,-0.00896916420095116,-0.42547370813936036,-1.1488741171877295e-06,-0.010752917463984718,-0.00012507297643187952,-0.07929942361476705,-0.7184458547331536,-3.020382837962257,-3.762250906885638,-2.4246869288978847,0.5532156797394213,-3.912188431850833,9.527283894900272e-05,0.6903069368614565,-4.759733088977362,0.00011771898621668216,0.26705730264564476,-1.8250523050040584,4.531607775279604e-05,0.8559761203131349,0.0001488468330854496,1.7975080972742974,-2.8102312515827303e-05,2.9261239089750886,-9.813358645909734,-6.1017701698062705,-0.0014013438918594149,-0.04101680632878739,-0.5452729393008008,-1.5503352295829194,0.053468340893986645,-0.059746049938318724,8.785104669334916e-06,0.9867844832598319,-1.1227642762655354,0.00016164835987971096,1.9228671051156079,-2.246166404892351,0.00031440401220542656,0.2791581578150988,4.583274344836519e-05,0.1657481170746476,-4.2954678427858206e-05,0.025027320793729435
-0.08918208432947092,-0.44193454318565467,-1.2962063026045787,-2.783647670970168,-0.4853555664672233,-0.22870560080276123,5.1195562335262584e-05,-2.292590663873674,-1.0484510290670566,0.00022240159205036327,-3.999061034082202,-1.8456191975188068,0.00035373741997665764,-0.21455312622727407,1.9204178280308347e-05,0.18627969254889226,5.795364604100555e-05,-0.1905908605467725,-0.3072924661359109,-1.252687880560415,-2.704500908966024,-3.758686245469753,-0.6862832113966653,-1.1236214926641488,-0.00012365690328699895,-2.3566667877402434,-3.5633491237073525,-0.0003874210381542919,-2.5770737689542575,-3.9083823696204725,-0.000400391061783009,-0.5884599148872282,-0.00010939134409768632,0.4228871932933964,-6.167720814049721e-05,0.24770570738967745,-0.4047417647050847,-1.6363815972187874,-0.01225456636154141,-0.1958585405786731,-0.07886514684243254,-0.6914840994043865,-2.288068468751503,-5.791096561245336,-7.213114489498978,-5.552180245174629,0.36642747693166905,-2.7075019111209513,3.299191931759324e-05,0.8055442281046261,-4.6190557462977555,7.206894397561307e-05,0.5680102172743055,-2.933429105235054,5.2399953456735084e-05,0.253353326087366,3.238864958044549e-05,0.6059495793395153,-7.232744189859386e-05,0.47473378480755857,-6.1017701698062705,-8.532580643069032,-0.4295031551709969,-1.1793961435602671,-2.579639432706876,-3.999435582130887,0.6384031797322409,-0.6750545630840081,0.00010336092531471004,2.60269109879044,-2.590317452569937,0.0004159458952604304,3.8056686855767,-3.8583479047271725,0.0005976100981537205,0.8888725810996884,0.00014361711748212832,0.5469753128935351,-0.0001621478493824343,-0.06409633576607399
0.0,-9.51584039696678e-10,-0.0025179273165267194,-0.2309229977393612,-5.736335228247631e-09,4.278717933024622e-10,-3.634741658031029e-15,-0.01363878545519118,0.0010207404552642493,-1.0600293822683853e-08,-0.6435516517174216,0.04817891305896314,-5.087459249612689e-07,5.839916293711379e-13,2.7522464227926623e-19,2.2849274807335234e-12,-3.2633469852780016e-18,-3.914204681815038e-12,-2.570529179084475e-18,-0.00034180036222392063,-0.1578587176758286,-0.6831269143670762,-0.001386635132889438,-0.00019326403571779245,-2.1154374384694737e-07,-0.5676433182795371,-0.07899551883100032,-8.659777022359691e-05,-1.2632528838416062,-0.1757640905906141,-0.00019271746362709474,-3.174664205568629e-05,-4.8432663438947954e-09,6.69086774333716e-05,-3.468369497324042e-08,-0.0001114527442917247,-1.2732768038845782e-13,-0.0008819854314748677,-3.336697218456703e-18,-4.99796280160411e-05,-2.7481586094568433e-06,-0.08271713511828216,-5.586621963793183e-05,-0.7841226447127103,-1.8772218492891843,-1.306777493254529,-1.5237187990260765,0.6477830450423259,-0.00024748042785609626,-3.1871487638628526,1.3549113694182493,-0.000517645162680284,-1.140641352854523,0.4849051553752325,-0.00018525877297378494,1.4221513787959934,0.00023098577043354664,1.1402053542111028,-0.0005433195001950281,-1.3702728002898377,-0.001401343891859415,-0.4295031551709969,-67.07196730992648,-6.230349214294963,-6.253623897956745,-2.668730936158819,0.11667162116099496,-0.03343640406298403,1.631445974259869e-05,0.016077138836118502,-0.004607476136457818,2.248103109462145e-06,0.004028231170097083,-0.0011544329608363134,5.632767814869329e-07,0.0020705148538670446,3.417875510858915e-07,0.002062086098532867,-9.240809501567065e-07,-0.0025118964107163633
-4.719797844224685e-15,-2.2385519909777333e-06,-0.014037084463744385,-0.5812956237943627,-9.401105589876737e-06,5.458140422204792e-07,9.177979847969433e-11,-0.06596626111040528,0.0045309846246205775,1.8182136632894345e-07,-1.5505157983596822,0.11218886439984163,1.2193820054018337e-06,8.983684512474407e-08,-6.352345125441539e-13,4.0131270732174293e-07,1.339978757053603e-11,-6.870925203608827e-07,-1.0026354605130227e-06,-0.0136707418315956,-0.5021603320424303,-1.6355337717039882,-0.037943214127953484,-0.006244881351133108,-5.792817282212269e-06,-1.5664618881932917,-0.234128803607133,-0.00023921664731228775,-2.883419142403027,-0.4199265763914779,-0.00044036205702498106,-0.006512185407952009,-9.901848029121935e-07,0.011506024116469555,-5.887769039588344e-06,-0.018627682317952882,-1.1109477182668975e-08,-0.0055008476683021555,-8.405096312195241e-12,-0.0004353559024396607,-0.0005930074395182496,-0.2723316203397674,-0.18758458453979984,-2.6865658667409726,-4.308310710418999,-3.032807363603434,-3.9807785281863013,1.7133361565850092,-0.0006497718075764468,-6.258760469763169,2.6873706322876663,-0.0010207736332662363,-2.4868170562319603,1.0671054272636842,-0.0004055060658357099,3.103380218830096,0.000506742369510556,2.4721909908433473,-0.0011784769844348226,-2.9414901178367243,-0.04101680632878742,-1.179396143560267,-6.230349214294972,-16.121932505341952,-11.298802601432623,-5.808968777430657,0.7959888671651209,-0.22811260543474388,0.00011130391351011552,0.5266313857686822,-0.15072471381370744,7.360742638317531e-05,0.18240063280338042,-0.05210422818003522,2.5477920336746446e-05,0.14555190385189315,2.4027636076031953e-05,0.14502036053318523,-6.498070424378807e-05,-0.17665819534325156
-5.660018735727647e-05,-0.0040743133530244955,-0.11226450378922076,-1.1999421068168528,-0.008918376266569002,0.000998295534570733,2.9324256170108485e-07,-0.38093251854312576,0.025340838542244597,5.7522816321950745e-06,-2.8493617075106066,0.19049621064089875,1.737349660284516e-05,0.0014260511134150126,-1.3488202780463556e-07,0.0034502192244089303,4.4623644364466875e-07,-0.005664986796177681,-0.03585075231583631,-0.34245940359428956,-1.4502169142962067,-2.988813955590401,-0.5309435596461288,-0.09950404606630564,-8.373909307922954e-05,-3.253599307123081,-0.58749333156465,-0.0005025929747213744,-4.64161913958583,-0.7595581659008561,-0.0007138649784608811,-0.14152240514216244,-2.176898580894511e-05,0.22450775727265754,-0.00011590088521536593,-0.3509938062652658,-0.000286946297716617,-0.05306198967074334,-1.1557675988237725e-05,-0.008562174346866788,-0.06630215291506682,-0.8448951509808306,-1.7241705956275917,-5.18339580077659,-6.890412051493001,-5.133940239233282,-4.3818915950393595,1.9986944463757839,-0.0007317027564040789,-6.987203811715782,3.1494697625728043,-0.0011622546846405523,-3.5506892774158754,1.5907845063813357,-0.0005896554330643402,1.9161918037874228,0.0003205656865981447,1.5545777635926044,-0.0007304350209139631,-1.7534948808704804,-0.5452729393008007,-2.579639432706876,-6.253623897956745,-11.298802601432623,-12.17680407802322,-8.510861049782728,0.7725809745224225,-0.22116104712427798,0.00010799108756614278,1.4074685621107899,-0.38442654610483606,0.00019372842803474054,0.8284625757577653,-0.2087567634403719,0.0001111911304630576,0.2926178802364881,4.8345034233761386e-05,0.2944243685330612,-0.00013158863103409225,-0.3588458900119198
-0.06349680039974955,-0.2703133494123436,-0.7868969161689181,-2.3332217491082075,-0.2825042396553397,0.03384573682292999,1.1422116093243586e-05,-1.477967754932561,0.14386826430557406,4.946030916936806e-05,-4.224112823731375,0.3039076818425991,6.531360359877256e-05,0.04182719793115704,-5.558288130714786e-06,0.08662053862703958,1.7501895767114385e-05,-0.1342320831268509,-0.529351944193592,-1.7149220873320767,-3.2180505060014113,-4.6375332454023965,-1.161410741701971,-0.2603055565253329,-0.00021670930631123694,-3.893225823906663,-0.8503698786163311,-0.00066107248525517,-5.349663176101414,-1.009711327846944,-0.0008625635238079613,-0.19405658059367442,-3.328053569674864e-05,0.2887483378173019,-0.00013319372590016152,-0.3833897091778904,-0.07753072824107982,-0.46245099805829026,-0.021235992147178466,-0.18019206154372217,-0.6878948697587706,-2.180743902374589,-1.8659361512258819,-5.269731896746256,-7.44650192163822,-6.862083494379421,-1.8169873704768236,1.0052387887186467,-0.00032857806610620867,-3.848261253506478,2.138906149602171,-0.00070200187467125,-3.1885100133495383,1.7055013900182638,-0.0005788691372311672,0.48293355282502304,8.722827466955423e-05,0.5256957469484553,-0.0002222297774908195,-0.5035963961358325,-1.5503352295829198,-3.999435582130887,-2.66873093615882,-5.808968777430657,-8.510861049782728,-8.791667062182674,0.4611319509744623,-0.13177697610184802,6.44197100472778e-05,1.4809182561485978,-0.37316314715914695,0.0001987597024209926,1.5562606637123377,-0.29378737419894035,0.00019131201661240244,0.22498061762592225,3.720827297152183e-05,0.22911146803582838,-0.00010207992443390945,-0.27942213419199025
3.0889565140780733e-14,6.702664708589777e-06,0.01908039014687342,0.2699034421794621,2.7319412210604345e-05,-1.6674328556005559e-06,-2.7243979408562344e-10,0.08365797862720444,-0.005934555413201564,-3.687506359075007e-07,0.5626488077382168,-0.04872920898725805,-2.1172059999177954e-06,-3.412031463319777e-07,3.057694951856957e-12,-1.4359948925400515e-06,-4.806339456631554e-11,2.455771758938949e-06,4.458008325336138e-06,0.02812323366110677,0.47496392452236746,0.5483881065496629,0.07317210024995523,0.013117491578560727,1.1938037551576537e-05,1.2542519152215634,0.23033340557492177,0.00022604976266333508,0.52154245878404,0.14990473720179895,0.00014434818511923375,0.01579164128446635,2.5233464194912782e-06,-0.026254879653665984,1.4151530831421966e-05,0.042126559845034384,3.707651242605018e-08,0.007426228566352842,3.581987532133115e-11,0.0006954730192826135,0.0012579737389519594,0.23335689601060672,0.43096658108074537,2.9074116692422187,2.1576000793051042,0.6161824140443863,3.5106316157805058,-2.057167910923739,0.0007790100896040124,1.040501013682499,-1.3183167289163475,0.0004985566767397947,-0.32472133317791063,-0.20254436152347,7.606626972121672e-05,-3.55228102455889,-0.0007434593545312227,-2.283753201040151,0.0013487194612533922,1.9871675583512765,0.053468340893986666,0.6384031797322417,0.11667162116099496,0.7959888671651209,0.7725809745224224,0.4611319509744623,-17.395353222718647,0.09419354416449324,-4.204275771566726e-05,-6.7499712025422145,0.0950348597897808,-4.253866398303005e-05,-2.1622480634194914,0.03695396480337046,-1.6600182219296537e-05,-0.2622021298432421,-1.8048177224813117e-05,-0.4196724694841073,0.00012253963916635655,0.6756220616719242
-2.1386066516752318e-15,-7.166233081214301e-07,-0.0021014669907658884,-0.03384497894088226,-3.0423549428453284e-06,-6.735364855891164e-07,5.840354719365793e-11,-0.009619779172062456,-0.0055474103460110055,1.0794751973710245e-07,-0.08680951140926618,-0.14523471200796123,7.418957235012355e-07,-9.611263986693647e-08,9.589258732079739e-13,1.309804379534436e-07,6.251807092268448e-12,-2.4171412157375575e-07,6.057117970767291e-07,0.002579719164658853,0.03801391085402012,0.00935608832273986,0.007465862066414685,-0.00430871850549542,1.1510642029156537e-06,0.1285191464309538,-0.21403801525194235,1.9773840582236658e-05,0.025903969096656352,-0.4266670961571154,4.103836441922217e-06,-0.003990207128535127,-6.067659105906117e-07,-0.0023972836014702153,1.5296051767336824e-06,0.005774573584457327,-1.373448212312285e-08,-0.002740343152530941,2.235673872583851e-12,1.171654990287599e-05,0.000738519229234599,0.12100574226354728,-0.18254001274174828,-1.2075723520386683,-0.867595559874069,-0.22594880842271575,-1.9928481318048212,-0.4065345244933778,-0.00032504421542873944,-1.23355690853461,-1.4862694687927083,-0.00020094371797379948,-0.1710751565219785,-0.7171224002730534,-2.7816976490569535e-05,-0.42179140676340704,-6.905016105138997e-05,0.9428666022414164,-0.0007253404131754718,-2.816394719969916,-0.059746049938318765,-0.675054563084009,-0.033436404062984024,-0.22811260543474388,-0.22116104712427798,-0.13177697610184802,0.09419354416449324,-17.166777912577736,1.554903256706047e-05,0.0950348597897808,-6.518419862426929,1.569295269526527e-05,0.03695396480337046,-2.071750841953808,6.104625443830806e-06,0.6060117906739053,8.450374338799522e-05,0.12625000667691266,-1.8048177224813117e-05,0.10842726479005851
1.6262504369229297e-19,1.4023893126721502e-10,4.032628073339342e-07,8.819634748666698e-06,5.910801084437894e-10,-5.153341751285083e-12,-7.681311480732919e-07,1.7560565320365915e-06,-4.818652278474137e-08,-0.0060038030331426,2.1910446869326172e-05,-1.0267406563197701e-06,-0.14970415569224166,-3.0987147452560224e-12,8.284973859768252e-09,-2.1635005514460944e-11,-1.1658557920912488e-07,3.830339844945887e-11,6.778366502983513e-10,4.283825942098523e-06,7.200987207690366e-05,8.192587530378299e-05,1.191077269841179e-05,2.0094278340192807e-06,-0.005023301379901421,0.00022442721960010505,3.5080166376369804e-05,-0.22638330926851366,0.00014113658164772934,2.2574009844016188e-05,-0.4238540735279339,2.5419500041019623e-06,-0.0008028299853089829,-5.340698231223629e-06,-0.0050552150741101105,7.186413733328851e-06,1.4776335057145523e-12,3.1232767168801804e-07,-8.708328801029932e-16,-1.3344088895438136e-08,-2.6033128780138914e-08,-2.0109008961073584e-06,6.989641789442827e-05,0.0004678005240224774,0.0003425001424749856,9.424351641327607e-05,0.0007690904040350386,-0.0003312736805441199,-1.259962736066338,0.00048501816124829947,-0.00020895460692165233,-2.0110049431884947,7.096613954552712e-05,-3.0759936498419416e-05,-0.7888296438766726,-0.000735047608172193,1.000827067120742,-0.0010240754917668733,-2.3258146051042945,0.0006970672662644493,8.785104669334921e-06,0.00010336092531471015,1.6314459742598693e-05,0.00011130391351011552,0.00010799108756614278,6.44197100472778e-05,-4.204275771566726e-05,1.554903256706047e-05,-17.118562259727952,-4.253866398303005e-05,1.569295269526527e-05,-6.469610538632102,-1.6600182219296537e-05,6.104625443830806e-06,-2.05269139365414,-1.8048177224813117e-05,-0.15195796861297786,7.238499425898424e-05,0.5547398126614563,1.9017947889180665e-05
0.000374099882931619,0.018813590489013675,0.29770818032635593,1.2583598971606649,0.03899729502458998,-0.004651931417097087,-1.3396622298935888e-06,0.9017748372115988,-0.07151012912012022,-1.704998455895305e-05,2.2347201514625405,-0.18309738040486623,-3.314130842055287e-05,-0.0068935305116726775,6.513942804105818e-07,-0.01596776855976448,-2.1171548664267905e-06,0.026129067238662648,0.1582870263717331,1.0465142792024582,2.5677892302609853,2.2504726314268084,1.4361127184953073,0.2989110824897906,0.0002602024144229956,4.367389887343746,1.0355605544362199,0.0008546007754965892,1.6556531863535904,0.6150957318054721,0.0005036302071460795,0.41224948025460134,7.117560411988389e-05,-0.5893546489451849,0.00034570372952951275,0.9021349209487153,0.0014369570928767963,0.13903996202927882,7.072253067458973e-05,0.02809721642222428,0.2099121354614507,1.3927385343272691,3.603990336262622,7.3006613879981765,6.160386809468837,2.360167087797065,2.6630253619960635,-2.844838216247884,0.0010194236461925014,0.10260735471301316,-2.554517634025753,0.0009000792719959269,-1.4663832831868295,-0.6475388952119346,0.00021941824646400516,-1.2571017552777155,-0.00043101163719986137,-0.4828941754157725,0.0005058548384221366,-0.5063755535578123,0.9867844832598323,2.60269109879044,0.016077138836118502,0.5266313857686821,1.4074685621107899,1.4809182561485978,-6.7499712025422145,0.0950348597897808,-4.253866398303005e-05,-10.51332988535817,0.32708809681996565,-0.00015737036799278793,-6.382008484718641,0.2031101920427092,-0.00011051923709902092,-0.45848580075986417,-4.270427113974624e-05,-0.6755342764230624,0.0002130901424092123,1.0473399164346695
-2.786635398694526e-05,-0.0010563142768707818,-0.026376442915276067,-0.15160172296347946,-0.0023614117529182914,-0.0021124902317881922,-3.894066068466709e-08,-0.09380987494423038,-0.08720768293735288,1.5100755343207118e-06,-0.34331790361260467,-0.6373437133433921,6.905245990262837e-06,-0.002689484404297723,8.904461716199156e-08,0.0007907334996204252,-5.301320119203066e-08,-0.001953874627919207,0.021852774387344533,0.11847157832934957,0.18499622623184192,0.027121740799066582,0.18014507328108115,-0.18305435972386958,2.9174955366239704e-05,0.41037445488396807,-1.131289177417952,6.628933159323664e-05,0.0852949156044543,-1.6386520732451215,1.5087015914553847e-05,-0.24398263349135407,-3.936446234389602e-05,-0.05486531870213897,4.502858577223953e-05,0.18610796116405343,-0.0005039632072586592,-0.04790277937354474,3.928338452434018e-06,0.0013649863068824438,0.12239929075850672,0.6928706007038934,-1.5267074248233339,-2.9807149942056954,-2.3896822860098212,-0.7994579071928263,-2.5473676946515282,-2.2638004139632026,-0.0004252965448740771,-2.1619787286070435,-4.2885851509531765,-0.00035834117584507556,-0.469139737012811,-2.5519952732381315,-7.675543752352733e-05,-1.7183932882593922,-0.0002886280591576246,0.13008618137697514,-0.00040886396818966237,-2.2575153680759508,-1.1227642762655359,-2.5903174525699364,-0.004607476136457818,-0.15072471381370744,-0.38442654610483606,-0.37316314715914695,0.0950348597897808,-6.518419862426929,1.569295269526527e-05,0.32708809681996565,-9.63117221977545,5.446833567148217e-05,0.2031101920427092,-5.733291442400617,3.434859593003773e-05,0.8792708020838169,0.0001219694358263331,0.20564233239181778,-4.270427113974624e-05,0.09564329870159807
4.830330670995524e-10,3.38777529560222e-07,7.938393158021112e-06,5.020532155343741e-05,7.492761853662984e-07,-1.9745606704804715e-07,-0.0021626891169063724,2.5140496282692964e-05,-1.6333068839458518e-06,-0.0874412613591446,0.00010429468220700993,-3.260057368569042e-06,-0.6378140674735839,-2.936826549144087e-07,0.0002738563703613897,-2.538562745242259e-07,-0.002800179845102919,4.445958954431765e-07,2.4077548720119828e-05,0.0001570872577978096,0.00038379438521748304,0.0003289291759074282,0.00024755480684925227,4.553614784199022e-05,-0.20262154631382895,0.0008257501384225144,0.0001576541729814216,-1.1276776923495146,0.0004769408115244545,9.22010765676369e-05,-1.5907653126244017,7.034650440863847e-05,-0.047596848690410816,-0.00016482981280211046,-0.2787081116914737,0.00017919097638728864,3.5403134010996776e-08,6.011573764445593e-06,-2.173112640576841e-09,-3.150567174353822e-07,-3.4821966664605783e-06,-2.2420684871347407e-06,0.0005845496245121473,0.0011675685408580156,0.0009654325238679026,0.000350818938361745,0.000975587292071271,-0.00045497425831107026,-3.3850285147289636,0.0008399573787502156,-0.0003965364402272429,-5.193654868485542,0.00019097297895042742,-9.36377207542842e-05,-2.7292524547644934,-0.00041054981146782416,1.2842034243985572,-0.0008781204714320311,-2.78939380977602,0.000370333682238186,0.00016164835987971096,0.00041594589526043027,2.248103109462145e-06,7.360742638317528e-05,0.00019372842803474054,0.0001987597024209926,-4.253866398303005e-05,1.569295269526527e-05,-6.469610538632102,-0.00015737036799278793,5.446833567148217e-05,-9.448544649906479,-0.00011051923709902092,3.434859593003773e-05,-5.603909500395666,-4.270427113974624e-05,-0.19794613157186672,8.058557681951316e-05,0.7565510294994635,4.5560353291439605e-05
0.24338345243492573,0.8971853923354558,2.0110286226183876,3.197123108627663,0.8172045625094254,-0.10774408722915382,-3.430375406588289e-05,3.058904103002572,-0.3739248862794649,-0.00012029409435180042,3.80772285585898,-0.4383656352636418,-0.00011135002960556039,-0.1232564967652595,1.65216033472831e-05,-0.22985385126183278,-5.136917030142711e-05,0.3469928797865509,1.3474182687905394,3.809810610746564,5.541798849952354,4.526391830297351,1.7355540722182452,0.5622603010615705,0.00048735595284444535,3.742637499869133,1.3577336795683124,0.0010935705391612982,1.3509063988912142,0.9673630873919945,0.000791131646480084,0.2899693829273588,7.426732879575738e-05,-0.35855780225205924,0.00019831172582263415,0.3663763075375406,0.27439538287787,1.1887843996545655,0.0908994504691294,0.5661092766675625,1.5157006682903829,3.5700534732459195,2.2418533163501,5.47690681745102,6.344926308418676,3.9279257981945923,-0.8748088071209161,-1.001302684772865,0.00029755335503449756,-3.0951994280210386,-1.7383854747490044,0.0004743095536775412,-3.7687287380817365,-0.9608182049094791,0.00025675307742482347,0.12836452371426796,-5.8117807559309875e-05,-0.021336247479031734,3.732985900045493e-05,-0.37201059396743386,1.922867105115609,3.8056686855767,0.004028231170097083,0.18240063280338042,0.8284625757577653,1.5562606637123377,-2.162248063419491,0.036953964803370445,-1.6600182219296533e-05,-6.382008484718641,0.2031101920427092,-0.00011051923709902092,-7.853332112845335,0.1659775545977105,-0.00014532259731009885,-0.20953753750248696,-2.0643351173924235e-05,-0.30669523471673676,9.822752355018349e-05,0.4711444133682694
-0.018190664352738643,-0.05997552276225905,-0.1273144532656571,-0.2572766130537712,-0.05851806994912561,-0.11697342696805449,7.723078419473041e-08,-0.24537368895883355,-0.5888174281654827,-3.264044448555924e-07,-0.4877116384809439,-1.6544084415089149,7.140942483915468e-06,-0.10528035122311939,3.425379402440961e-06,0.009959548766316474,2.461397443519975e-08,-0.037329350183711835,0.18613463456756954,0.47522137870394165,0.5504414945431576,0.2580576727081041,0.3069719279603925,-0.755133648997893,5.930014583379928e-05,0.5592422421428185,-2.3705615613611695,0.00010185149708896431,0.279534600234413,-3.311198744542065,4.9582847537959086e-05,-0.45825236459173946,-9.258964720932196e-05,-0.008995360970607769,3.615182850201114e-05,0.19256284217533734,-0.09578696292418337,-0.3814643979201511,0.0049254492775927,0.030101333179177934,0.8883021537202591,1.820866366800249,-0.9494601054383826,-2.2050824299201226,-2.3398016542460383,-1.1822018275577713,-0.7174006647994184,-2.09835129407133,-0.00012959196694631533,-1.1250728212394518,-4.897129395467701,-0.0002009422171857463,-0.5338894818560531,-4.660758003674124,-9.207020394076005e-05,-0.5705554655126791,-0.00010497249194718192,-0.06698453971422369,-6.689356002506793e-05,-0.5435828127968327,-2.246166404892352,-3.858347904727174,-0.0011544329608363134,-0.05210422818003522,-0.2087567634403719,-0.29378737419894035,0.036953964803370445,-2.0717508419538078,6.1046254438308055e-06,0.2031101920427092,-5.733291442400617,3.434859593003773e-05,0.1659775545977105,-6.837724834707144,3.0143272808169066e-05,0.38811046643634256,5.358253959559257e-05,0.09263747547754482,-2.0643351173924235e-05,0.034672943268332826
2.601793534298726e-07,7.414195408041864e-06,3.759686920306956e-05,9.840845256177341e-05,1.100082057373332e-05,-3.3602447989381188e-06,-0.1182013972709314,7.672416128770661e-05,-1.5202569664576583e-05,-0.5758011493862971,0.00015630735788528798,-1.2878906649519148e-05,-1.6232591087232953,-5.209494464886826e-06,0.011044074924135708,-1.528889677431834e-06,-0.10720792952762029,6.232219330349333e-06,0.0002049128498444533,0.000560907932199419,0.0007978624401620154,0.0006259397341251271,0.0003854173845685438,8.40874062438753e-05,-0.7884280787847954,0.0009203998317659256,0.00019961144803479002,-2.3563624388071234,0.0006712977365625871,0.00013786842586448932,-3.242432942000815,6.478590926504954e-05,-0.10215602369962735,-0.00019653698523099296,-0.4814184992480169,0.00013049596388290026,6.007018198372278e-06,3.714783526866528e-05,-3.4670187893378707e-06,-1.265401265352063e-05,-2.6258475283838915e-05,-7.324925554053743e-06,0.0003635853645555993,0.0008718282269215593,0.0009757803591949229,0.0005529893825486049,0.00025673073891231793,-0.00015834698217232873,-2.433936544446896,0.0003804275642152206,-0.0002606423915738868,-5.340012795198157,0.00018235252039357843,-0.00012978236656053512,-4.82005724418265,-4.7394115725065985e-05,0.41224171945403976,-0.00022602307278274023,-0.7338700339382402,5.7994566613257955e-05,0.0003144040122054267,0.0005976100981537205,5.632767814869329e-07,2.547792033674645e-05,0.0001111911304630576,0.00019131201661240244,-1.6600182219296533e-05,6.1046254438308055e-06,-2.05269139365414,-0.00011051923709902092,3.434859593003773e-05,-5.603909500395666,-0.00014532259731009885,3.0143272808169066e-05,-6.670486612108709,-2.0643351173924235e-05,-0.0837576665587962,3.240250166427553e-05,0.3280431508359617,2.232249197729546e-05
8.192630473628822e-12,1.5825533120270733e-05,0.010609827150072984,0.07301071241347014,6.0807314974965146e-05,1.8184141001180723e-05,-9.186733412484317e-10,0.04328848988765536,0.02243321282204387,-9.167478493683762e-07,0.15492524487682985,0.15262782313605508,-3.90829114165307e-06,5.796246731530858e-06,-9.108891039520488e-11,-5.363238489058455e-06,-1.0781219098822329e-10,1.0341975901353484e-05,-7.497464107912333e-05,-0.02047796048954994,-0.03959022197993957,0.07851191163303517,-0.048804747332042604,0.037631024733071054,-8.282151948565665e-06,-0.11249702113492144,0.5116521322231841,-2.4877604450702136e-05,0.1068626903911568,0.3530190112813624,1.42728285016474e-05,0.047906401185317284,7.727849160556428e-06,0.02169617912831248,-1.5921453304803337e-05,-0.05807802071257265,6.494678724361761e-07,0.012356661515129529,-3.7425125238118416e-10,-1.8681921571993107e-06,-0.00857641277511447,-0.2325873065574384,1.5575032576906849,2.626699119961304,1.1225348417900824,0.24004713099916952,3.31363428734712,1.138633469673941,0.0007548958958961451,0.48015074859967616,1.4568642670542116,0.0002077984813640491,0.003397041085182284,0.29314419937382186,2.024708409916082e-05,1.2802427042700204,0.0002888110071285576,-0.30005921205368496,0.0010764654174011364,3.722341504299648,0.27915815781509873,0.8888725810996875,0.0020705148538670446,0.14555190385189312,0.2926178802364881,0.22498061762592225,-0.2622021298432422,0.6060117906739054,-1.804817722481312e-05,-0.4584858007598641,0.8792708020838168,-4.270427113974622e-05,-0.20953753750248696,0.38811046643634256,-2.0643351173924235e-05,-11.882830188660028,-7.595955067178566e-05,-0.23574050758305146,6.648753359050897e-05,0.11579480863982944
1.951355124391428e-17,4.599201485564981e-10,6.848932881236437e-07,7.806644323176142e-06,1.9467921141266665e-09,3.180051139284079e-10,-1.7124789230920502e-06,2.7934893425169646e-06,4.499552675971614e-07,-0.002326822779369719,1.7753288532304878e-05,4.700558981456852e-06,-0.017981919760348155,8.881925200526864e-11,-1.4978955328782255e-07,-6.512731728085167e-11,-5.214352052197062e-07,1.3820541727602393e-10,-1.1398116208391406e-08,-3.0487791793535315e-06,-5.15551466631364e-06,1.3406017587019608e-05,-7.959673861619751e-06,5.7542696228005124e-06,0.004516034183702642,-2.1657297062719563e-05,7.77999178982702e-05,0.04409796296744692,1.6925633198967297e-05,5.287213494224049e-05,0.00932423084124999,7.739794523136505e-06,-0.002743596778637329,5.1563029078412415e-06,0.007200341638315701,-9.858672116406484e-06,2.132657083619876e-11,6.849209868717819e-07,6.393221271109831e-16,2.3579235504768908e-08,1.8816288818234034e-07,5.460979653281068e-06,0.00025264826416407534,0.000422379549555356,0.00017943767587017445,3.864555325699016e-05,0.0007436702787017781,0.00018258942289446425,-1.2971893168388455,0.0002028973118628791,0.00022901201452521375,-0.7914170011357414,1.9953225667914345e-05,4.358942740846024e-05,-0.12130289960764251,0.0002833212123504255,-0.4786771356568724,-0.0007096780147111312,-2.3409878052409985,0.0009782573399295176,4.583274344836518e-05,0.00014361711748212835,3.417875510858915e-07,2.4027636076031943e-05,4.8345034233761386e-05,3.720827297152183e-05,-1.804817722481312e-05,8.450374338799523e-05,-0.1519579686129779,-4.270427113974622e-05,0.00012196943582633307,-0.19794613157186672,-2.0643351173924235e-05,5.358253959559257e-05,-0.0837576665587962,-7.595955067178566e-05,-11.383341414685603,-4.818948791880801e-06,0.11840848663592761,-7.927709794358364e-07
3.3281951714612636e-11,5.151035880328139e-05,0.02443964457567637,0.1206202274734336,0.00018499785819913443,-1.2229208037121009e-05,-1.959953324125293e-09,0.0941097620703385,-0.004783537116957322,-5.707046354490992e-07,0.20793168252782412,-0.004475324999541466,1.6054770770201745e-06,-5.827273271061105e-06,1.5840357817255574e-10,-2.1189145989914846e-05,-9.386993585110454e-10,3.569311198835312e-05,0.00016109690293221346,0.06967889889599348,0.34932920062010436,0.20399238638506478,0.1521005543741346,0.02883094188267938,3.422773983917959e-05,0.7094854797485597,0.15693100046389669,0.00023842316310605265,0.13386904584199888,0.06353942939163976,0.00010066232936375633,0.045316692914993476,9.545923183823059e-06,-0.07747039750820142,5.392639273869061e-05,0.11708269544503702,5.863574379023031e-07,0.011045621522263571,1.5055287002536118e-09,0.00119068945533322,0.005718211324853676,0.1930710587969209,1.2518493784191853,2.165018258797571,0.9680988633164604,0.22977946881512068,1.951686156981113,-0.8898475850020496,0.0011968072404939679,-0.061963950010504476,-0.024301014597088777,0.0005429764040067371,-0.07609315895529534,0.014471563072369853,7.990900311473506e-05,-0.3750982766216011,-0.0007468175588458155,-1.7737932788015043,0.0016975929263236898,0.2765393781405001,0.16574811707464754,0.5469753128935346,0.002062086098532867,0.14502036053318612,0.2944243685330612,0.22911146803582838,-0.41967246948410747,0.12625000667691266,7.238499425898424e-05,-0.6755342764230625,0.20564233239181767,8.05855768195131e-05,-0.30669523471673676,0.09263747547754482,3.240250166427553e-05,-0.23574050758305148,-4.818948791880803e-06,-11.548663392691534,7.508217808524509e-06,0.2784166154791056
-4.175664762568917e-16,-3.249881291079057e-09,-2.6841244525739263e-06,-2.6248604374976138e-05,-1.2134198786015868e-08,5.584899053666137e-10,2.0449138283062823e-05,-1.0680831996929006e-05,1.3821321511680514e-07,0.02364312498148279,-5.617671268189319e-05,1.4212170584137126e-06,0.1557167026431253,4.39873498677842e-10,-5.473194367509098e-07,1.0196421413922025e-09,6.802766668042571e-06,-1.781645891186884e-09,-8.328228365544849e-08,-3.600660089426152e-05,-0.00017832136023760852,-9.896327649945443e-05,-8.475949847998432e-05,-1.6295508894772156e-05,0.041603595304763694,-0.0004343489021091964,-9.309554840221347e-05,0.49604642114956976,-0.00010635820460140548,-3.3471069891270524e-05,0.3105161259959659,-2.7202845742428078e-05,0.010069885364008602,5.4714842718858236e-05,0.058620569470324145,-6.951062716673841e-05,-5.912616077508792e-11,-1.798216286915738e-06,7.102586060710983e-14,3.7072848683525494e-08,2.821729663320769e-07,-3.5287306457889518e-06,-0.0005963166413478002,-0.0010260803519490718,-0.0004533891676256372,-0.00010446874494619803,-0.0012806539008709367,0.000779257423585288,3.126661863116088,-0.0001951565615715995,0.00022565608589717335,1.9952561748762512,-3.1142563557563472e-06,2.4992437269405008e-05,0.34306722108893567,0.0010983987556820345,-2.439116764501724,0.0017215215393080736,4.111358773515707,-0.00048711341922076374,-4.295467842785819e-05,-0.00016214784938243417,-9.240809501567065e-07,-6.498070424378805e-05,-0.00013158863103409225,-0.00010207992443390945,0.00012253963916635655,-1.804817722481312e-05,0.5547398126614564,0.00021309014240921225,-4.270427113974622e-05,0.7565510294994634,9.822752355018349e-05,-2.0643351173924235e-05,0.3280431508359617,6.648753359050897e-05,0.11840848663592761,7.508217808524512e-06,-11.691348768923373,-0.00010312327430913492
-5.704480812212081e-11,-8.698161574110429e-05,-0.03997480889759777,-0.18387227563019642,-0.0003114171202368086,2.4532273250201872e-05,3.6184201438038184e-09,-0.15322590303213168,0.012952763354897286,1.4746456627664457e-06,-0.3023069656262962,0.043293088539010136,5.014830872607169e-06,1.1045194224730991e-05,-2.9220246521496956e-10,3.578680039032483e-05,1.7208384886663881e-09,-6.085250912745631e-05,-0.00026872472582931367,-0.11607463104062198,-0.5707639831778755,-0.3048338735230496,-0.2519475527024733,-0.05636019288613114,-4.4905601413026e-05,-1.1395697626621117,-0.3354479684592486,-0.00024975986046128144,-0.16411870985697385,-0.10781268905286051,-7.235636638111651e-05,-0.08910352823723797,-1.5116023275352212e-05,0.12300505561908524,-7.152946173407197e-05,-0.19553090259625738,-7.76190606493551e-07,-0.014434981143410089,-2.575891413040301e-09,-0.001996637597356569,-0.004788723923587023,-0.19312894541203723,-1.5080847713328445,-2.6505711202601634,-1.2012073451557748,-0.2863324944159231,-1.4424470086488586,3.308961948108787,-0.0007503784860042762,0.6432701631495155,1.402322901459963,-0.00022325551289341958,0.19018230020101412,0.19426083968094876,-2.552057703956973e-05,3.7271229487848085,0.0010119587969969022,0.37502838456202303,-0.0005206604216872303,1.5821021600000789,0.025027320793729407,-0.0640963357660731,-0.0025118964107163633,-0.17665819534325156,-0.3588458900119198,-0.27942213419199025,0.6756220616719244,0.10842726479005851,1.9017947889180658e-05,1.0473399164346693,0.09564329870159805,4.556035329143959e-05,0.4711444133682694,0.034672943268332826,2.232249197729546e-05,0.11579480863982941,-7.927709794358333e-07,0.27841661547910546,-0.00010312327430913493,-11.879157421717238
